Node: 216,ap,0,0,0,0,0,3,15,8,0,7,67,3,0,0,24,3,0,2,5,0,0,0,0,0,0,0,0,0,0,0,0,0,0,0,1,0,0,0,0,0,0,0,6,19,15,0,0,0,8,10,0,10,12,1,6,6,5,7,0,0,0,0,0,0,0,0,0,0,0,2,9,6,0,0,0,30,25,0,0,9,41,0,1,3,5,0,0,0,0,0,0,0,0,0,0,0,0,0,0,0,0,0,0,0,0,0,1,0,0,1,0,0,0,0,0,0,0,0,0,1,9,8,10,15,14,6,5,7,3,114,78,1,2,0,0,0,0,0,0,13,14,16,7,0,0,0,0,0,0,0,0,0,0,0,0,0,0,3,3,0,0,0,0,0,0,0,18,23,19,24,0,0,0,0,0,0,0,0,0,0,1,0,0,0,0,0,0,0,0,11,13,0,0,0,0,0,0,0,0,0,0,0,0,0,0,0,0,0,0,66,34,4,7,10,24,54,21,11,0,0,0,0,0
Node: 217,ap,0,0,0,0,0,0,1,0,0,0,0,0,0,0,3,1,0,0,0,0,0,0,0,0,0,0,0,0,0,0,0,0,0,0,0,0,0,0,0,0,0,0,0,2,4,4,6,8,5,4,4,17,25,167,23,0,0,0,0,30,33,5,0,0,0,0,0,0,0,1,2,0,9,1,6,4,0,0,0,85,47,0,0,0,0,0,0,0,0,0,0,0,7,5,0,0,0,0,0,0,0,72,157,18,2,1,9,0,3,8,1,0,3,0,0,0,0,2,9,3,0,0,1,4,0,8,9,1,0,1,0,1,0,0,0,0,0,0,0,5,8,3,0,0,0,0,4,0,0,0,0,0,0,0,0,0,0,27,43,0,0,0,0,0,0,0,0,0,0,0,0,0,0,0,1,3,0,0,0,0,4,1,3,7,9,9,2,0,0,0,0,0,0,0,0,0,0,0,0,0,0,0,0,0,0,0,0,0,0,0,0,0,14,4,0,0,0,0,0,0,0,0,0
Node: 214,ap,1,0,0,1,1,1,0,0,0,0,0,0,0,0,2,4,7,9,5,2,4,36,219,28,0,0,0,0,0,0,0,0,0,7,8,3,0,0,0,0,0,0,0,0,0,0,0,0,0,0,0,0,0,0,0,0,0,0,0,0,0,0,0,0,0,0,0,0,4,30,0,0,12,9,7,0,0,0,0,0,7,5,9,10,5,0,0,0,0,0,0,6,7,9,8,8,8,10,9,6,9,2,0,0,0,0,0,0,3,9,5,10,1,0,0,0,0,0,0,0,0,0,0,0,0,0,0,0,0,0,0,0,0,0,0,0,0,0,0,0,0,0,0,0,0,0,0,0,0,0,0,0,0,0,0,0,0,0,0,0,0,0,0,0,0,0,0,0,0,0,7,8,6,0,0,0,0,0,0,0,0,0,0,0,0,0,0,0,0,0,0,3,8,8,10,3,0,12,19,7,6,1,3,0,0,0,0,0,0,0,0,0,0,0,0,0,0,0,0,0,0,0,0
Node: 215,ap,0,0,0,0,0,1,0,0,0,9,18,0,0,0,0,0,0,41,139,2,10,49,0,1,10,2,38,6,0,2,2,2,1,12,7,17,0,0,17,7,0,0,4,10,1,6,9,9,4,8,10,14,22,2,1,3,5,1,12,15,0,0,0,0,0,37,4,4,8,2,0,0,2,0,0,0,0,0,3,3,2,0,2,2,0,0,0,1,0,2,0,0,1,10,9,9,2,0,0,0,0,0,4,2,2,0,2,0,7,9,5,17,2,0,0,9,10,1,0,0,0,1,0,0,0,10,1,3,9,11,13,60,82,9,0,1,0,0,13,10,4,0,0,2,0,5,3,9,8,0,0,0,0,0,0,0,0,1,1,0,10,7,8,10,9,1,0,0,0,1,0,0,0,0,2,7,0,0,0,5,4,1,0,0,23,99,0,0,0,0,1,0,0,0,0,0,0,0,0,0,0,18,14,3,0,0,0,0,0,2,5,1,0,0,0,1,1,1,0,1,0,0,0
Node: 199,ap,0,0,0,0,0,0,0,0,0,0,0,0,0,0,0,0,0,0,0,0,0,0,0,0,0,0,0,0,0,0,0,0,1,6,0,0,0,0,0,0,0,0,0,0,0,0,0,0,0,0,0,0,0,0,0,0,0,33,0,0,0,0,0,0,0,0,0,0,0,0,0,0,0,0,0,0,0,17,5,0,4,9,2,102,32,0,0,3,7,9,9,7,9,0,0,0,0,0,0,0,0,0,0,0,0,0,0,0,1,9,3,3,37,15,0,0,0,0,0,0,0,5,9,1,0,0,4,1,0,0,0,0,0,0,0,0,0,0,0,0,0,0,0,0,0,0,0,0,0,0,0,0,0,0,0,0,0,0,0,0,0,0,0,0,0,0,0,5,15,19,9,0,0,6,4,0,3,4,0,0,0,0,1,0,0,0,0,0,0,0,0,0,0,0,91,13,0,0,0,0,7,13,0,0,0,0,0,0,4,9,8,1,0,0,0,0,11,0,0,0,0,0,0
Node: 198,ap,1,6,3,1,0,0,0,0,2,0,0,1,6,0,0,0,0,3,9,15,8,6,0,2,8,7,7,16,19,16,9,5,0,0,0,0,0,0,0,0,0,0,3,8,7,9,0,0,0,0,2,20,9,10,22,0,0,0,0,0,0,120,46,0,0,4,0,0,0,0,0,0,0,14,16,6,0,0,1,0,0,23,28,0,0,0,3,4,0,0,0,32,58,26,21,17,16,10,8,5,0,0,0,0,0,0,0,90,23,0,0,2,8,8,8,9,9,7,10,10,7,6,0,0,0,8,6,6,0,0,0,0,0,1,9,8,4,0,0,0,0,0,0,2,7,8,0,0,0,0,0,0,0,0,0,0,0,0,0,6,7,0,0,0,0,0,0,0,0,0,0,0,0,8,6,14,4,9,6,3,0,24,96,0,0,0,0,0,0,0,6,4,0,0,0,0,0,0,0,0,0,0,0,0,0,0,0,0,0,0,0,0,0,0,0,0,0,0,5,3,0,0,0
Node: 210,ap,0,0,0,0,0,0,24,56,0,0,0,0,1,3,0,0,0,0,2,0,0,4,12,0,0,0,0,0,0,0,0,0,0,0,0,3,3,7,5,0,1,0,1,9,4,16,0,0,0,4,10,1,0,0,0,0,0,0,0,0,12,7,7,11,13,26,16,19,11,9,9,0,1,0,0,1,0,0,0,0,0,0,0,0,1,0,0,0,0,0,0,3,0,0,7,2,6,7,0,0,0,0,0,0,1,0,5,1,7,0,0,0,0,4,3,0,8,15,6,0,0,1,3,0,1,0,0,0,0,0,3,0,0,0,0,0,0,0,0,0,0,0,0,0,0,0,0,0,0,0,0,2,0,0,0,0,2,0,0,0,33,113,0,2,21,0,0,0,0,0,0,0,2,8,1,0,14,13,9,8,5,0,0,0,0,0,1,0,0,0,3,8,10,6,0,0,0,1,0,1,1,0,5,2,36,0,4,1,0,0,0,4,27,31,0,0,0,0,7,9,6,0,0
Node: 211,ap,0,0,0,0,0,0,0,0,0,0,0,0,0,0,0,0,1,0,0,0,0,0,0,0,0,0,0,0,0,0,0,0,0,0,0,0,0,0,0,0,0,0,0,0,0,0,0,0,0,0,0,0,0,0,0,1,2,0,0,0,0,0,2,1,1,3,0,0,0,0,0,0,0,0,0,0,0,0,0,0,0,0,0,0,40,0,0,3,7,1,0,14,0,0,0,0,0,0,0,0,0,0,1,12,10,10,0,0,0,0,0,9,13,6,0,0,0,0,0,0,0,1,1,0,0,0,0,0,0,0,39,19,2,6,0,0,0,0,0,0,0,0,0,0,0,0,0,0,0,0,0,2,0,0,0,0,0,0,2,10,10,13,9,0,0,0,0,0,0,0,0,0,0,0,0,0,1,0,0,0,0,0,0,0,0,0,0,0,0,0,0,0,0,0,0,0,0,0,0,19,10,3,6,0,2,0,0,0,0,0,0,0,0,0,0,0,0,0,0,0,0,0,0
Node: 195,ap,0,0,0,0,0,0,3,2,0,3,0,0,0,0,0,2,0,3,3,0,0,0,0,1,5,15,14,16,66,0,0,22,85,0,0,0,0,0,0,0,1,0,0,0,0,0,0,0,0,1,0,0,0,0,0,8,10,10,0,14,6,3,0,0,1,0,0,0,0,0,2,4,0,0,13,22,0,1,0,1,0,0,0,17,28,8,1,0,3,53,44,0,1,0,1,9,0,0,0,0,0,0,0,141,1,8,20,17,17,23,0,0,11,3,0,1,4,0,0,0,1,2,0,0,0,0,1,1,1,0,0,27,46,22,0,0,3,16,1,0,0,0,2,0,0,6,23,15,19,6,12,3,2,0,0,5,15,14,0,2,50,34,1,0,0,0,0,3,6,0,0,0,3,0,2,4,10,9,8,0,134,110,11,0,0,0,0,3,9,2,1,18,14,0,2,1,0,2,7,0,0,0,0,70,9,0,0,0,1,0,1,0,0,0,0,9,3,0,0,2,15,7,10
Node: 194,ap,0,0,0,0,0,0,0,0,0,1,1,1,0,0,0,0,3,7,6,5,8,3,0,0,0,0,0,0,1,3,0,0,0,0,0,0,0,0,0,0,0,0,0,0,0,0,0,0,0,0,0,0,6,17,0,0,3,5,3,0,0,0,4,8,9,10,8,9,8,9,8,0,0,0,0,0,0,0,0,0,0,0,0,0,0,0,0,0,0,0,9,1,0,0,0,0,0,0,0,0,0,0,0,0,0,0,0,0,0,0,0,0,0,0,0,0,0,0,0,0,0,0,0,0,0,0,13,2,0,0,0,0,0,0,0,0,0,0,0,0,0,0,2,7,9,14,12,16,13,10,3,0,0,0,0,0,0,0,0,0,0,0,0,0,0,0,0,0,0,0,0,0,0,0,1,7,0,0,0,0,0,0,0,0,0,0,0,0,7,6,0,0,0,4,8,6,0,0,0,0,0,4,9,8,8,8,9,7,8,8,1,0,0,0,0,8,5,8,8,9,7,5,0
Node: 197,ap,0,0,1,0,0,0,1,3,0,3,4,5,0,0,10,14,0,32,72,0,71,31,0,0,6,0,0,0,0,0,0,0,0,0,37,47,0,0,0,0,81,51,0,0,0,39,41,0,12,5,3,10,23,21,20,20,48,27,2,5,0,0,0,0,0,0,0,17,15,15,0,0,0,0,0,1,0,0,0,0,2,9,67,36,9,8,23,61,9,10,10,19,7,8,14,21,25,4,0,0,0,0,0,0,0,0,0,81,69,0,5,6,0,0,0,0,0,0,0,0,0,6,5,9,7,63,12,10,5,8,24,45,10,7,6,0,0,0,0,0,0,0,0,0,0,13,31,11,10,275,277,8,7,9,17,4,0,0,10,146,16,25,51,69,0,0,0,0,0,37,4,119,125,7,12,17,11,9,8,6,0,0,5,16,0,2,0,0,0,47,20,0,0,0,0,0,0,0,0,0,0,0,0,0,0,0,0,0,11,7,3,0,0,0,9,149,18,0,0,0,0,0,129
Node: 196,ap,0,0,0,0,0,0,0,0,0,0,0,0,0,0,0,0,0,0,0,0,0,0,0,0,0,0,4,1,0,0,0,0,0,0,0,0,0,0,0,0,0,0,0,0,0,3,6,5,4,1,0,0,0,0,0,0,0,0,0,0,0,0,0,0,0,0,0,0,0,6,9,9,3,0,0,0,0,0,0,0,1,5,0,0,0,0,0,0,0,0,0,0,0,0,0,0,0,0,0,0,0,0,0,0,0,0,0,0,0,0,0,0,0,0,0,0,0,0,0,0,0,0,9,5,0,0,0,0,0,0,0,0,0,6,2,0,0,4,7,0,0,0,0,0,0,0,9,3,0,0,0,0,0,0,0,0,0,0,0,2,7,5,0,0,0,0,0,0,0,0,0,0,0,0,0,8,8,0,7,9,8,6,0,0,0,0,0,0,0,0,0,0,0,0,0,0,0,0,0,0,0,0,0,0,0,0,0,0,0,0,0,0,0,0,7,8,0,0,0,0,0,0,6
Node: 191,ap,0,0,0,1,0,0,0,2,0,0,0,0,0,0,0,0,1,5,6,8,3,0,0,0,0,0,0,0,0,0,0,0,2,4,2,0,1,0,0,0,0,0,0,0,0,0,0,0,0,3,2,3,6,8,9,7,10,10,10,6,7,7,8,3,0,0,0,8,0,0,0,0,0,1,0,0,5,7,3,0,0,0,0,0,0,0,0,0,0,8,1,0,0,2,2,0,0,0,0,0,0,0,0,0,0,0,0,0,0,0,0,0,0,0,5,8,8,10,9,0,0,0,0,0,0,0,0,0,0,0,0,0,0,0,8,10,2,0,0,2,0,0,0,0,0,0,0,0,0,0,0,0,0,0,0,0,0,0,1,0,0,0,0,0,0,0,0,0,0,0,0,0,0,0,0,0,0,0,0,5,5,0,7,10,0,0,0,0,0,0,0,0,0,0,0,2,6,0,7,10,4,0,0,0,0,0,0,2,0,0,1,0,0,0,0,0,0,0,0,0,1,0,0
Node: 190,ap,1,3,0,0,0,0,0,0,0,0,0,0,0,0,0,0,0,0,0,0,0,0,0,0,0,0,0,0,0,0,0,0,0,0,0,0,0,0,0,0,0,0,0,0,0,0,0,0,2,3,6,7,21,88,0,0,0,0,0,0,0,0,0,0,0,0,0,0,0,1,7,6,0,41,0,0,255,71,0,0,0,0,0,0,0,0,0,0,0,0,0,0,0,228,27,0,0,0,0,0,0,0,0,0,0,0,0,0,0,0,0,0,0,0,0,0,0,0,0,0,0,1,3,2,0,0,0,0,0,0,0,0,0,0,0,0,6,7,10,2,1,0,0,1,8,7,9,6,5,0,4,9,9,9,0,0,0,66,151,0,0,0,0,0,0,31,23,0,3,22,9,3,2,7,0,0,0,55,10,10,7,8,10,20,17,22,18,8,9,2,0,0,0,0,0,0,0,1,0,0,0,0,0,0,6,7,7,60,102,3,11,32,0,0,17,15,0,5,3,32,91,6,0
Node: 193,ap,1,4,1,1,1,2,3,5,0,0,5,12,14,11,5,0,0,0,0,0,0,0,0,0,0,0,0,0,0,0,0,0,0,0,0,13,156,3,0,0,0,0,0,0,0,0,0,0,0,0,4,8,8,0,0,4,7,7,5,0,0,0,0,0,0,0,0,0,7,9,10,6,0,0,0,0,16,3,0,5,1,0,0,0,0,0,0,0,0,0,0,0,0,0,0,0,0,0,0,0,0,0,0,0,0,0,0,0,0,0,0,0,0,0,0,0,0,0,0,0,0,0,0,0,0,22,12,20,1,0,0,8,3,5,19,10,0,0,7,7,4,0,0,2,9,3,0,19,19,0,0,0,0,0,0,0,0,0,0,0,0,0,4,18,8,0,0,0,0,0,0,0,0,0,0,0,2,0,0,0,0,0,0,0,0,0,0,0,0,0,0,0,0,7,8,8,0,0,0,0,0,0,0,0,0,0,0,0,8,10,15,12,9,10,9,0,0,0,6,35,5,0,0
Node: 192,ap,0,0,0,0,0,0,1,0,0,0,0,0,0,0,0,0,0,0,0,0,0,0,0,0,0,0,0,0,1,3,3,7,11,7,6,0,0,0,0,0,0,0,0,0,0,0,0,0,0,0,0,0,7,3,0,0,0,0,0,0,0,0,0,0,0,0,0,0,5,8,8,0,0,0,0,0,9,14,7,5,0,0,0,0,0,0,0,0,0,0,0,0,0,0,0,0,0,0,0,0,6,55,14,10,16,7,9,0,0,0,0,0,0,9,0,0,0,3,13,17,10,87,420,326,0,0,10,1,0,0,0,0,0,0,0,0,0,0,0,0,0,0,0,14,4,0,0,0,39,3,0,0,0,0,0,6,8,2,0,0,0,1,1,0,1,9,2,0,0,0,0,0,1,2,0,0,0,0,0,0,0,4,8,7,10,9,9,7,0,0,1,8,0,22,15,0,0,175,5,0,0,0,0,0,0,0,0,0,0,0,3,5,10,60,5,0,0,0,0,0,0,0,0
Node: 227,ap,0,0,0,0,0,0,0,0,0,0,0,4,21,100,14,28,25,20,72,231,33,58,0,0,0,0,0,0,0,0,0,13,4,0,0,0,10,6,0,0,0,0,0,2,47,15,0,0,0,17,9,25,167,21,0,48,243,53,8,8,7,11,10,7,45,130,94,141,73,31,17,1,10,8,17,75,52,19,26,35,25,10,8,10,5,0,0,145,199,0,10,12,2,6,19,13,10,9,10,17,49,24,39,48,0,0,8,2,0,1,17,62,89,173,7,8,15,17,19,17,16,12,16,9,42,61,28,19,7,8,13,30,47,65,49,21,0,3,6,0,0,6,9,3,0,0,0,0,4,6,10,36,7,0,2,8,0,0,0,0,0,0,4,23,0,198,3,0,12,79,0,0,0,0,0,0,0,0,4,5,3,0,0,0,0,38,1,0,0,0,0,13,87,73,13,0,9,38,7,1,4,9,9,9,12,17,26,28,19,24,24,19,24,13,9,7,9,8,2,8,23,17,11
Node: 238,ap,0,0,0,0,1,0,0,1,0,0,2,0,0,2,6,0,0,0,2,5,4,2,0,0,0,0,0,0,0,5,2,2,5,5,6,4,0,0,0,0,0,2,5,0,0,0,0,0,0,0,0,0,0,0,0,0,0,3,7,0,0,0,6,6,0,0,0,0,0,0,0,0,0,0,0,0,0,6,5,5,0,0,0,0,0,0,0,0,0,0,0,0,0,0,0,0,0,0,0,0,0,0,0,6,9,9,2,0,7,10,2,0,0,0,0,0,0,0,0,0,0,0,0,0,0,0,0,0,0,0,0,0,2,1,0,0,0,0,0,5,6,8,10,9,10,8,4,0,0,0,0,0,0,0,0,0,0,0,0,0,0,0,0,0,0,0,0,0,0,0,0,0,0,0,0,0,0,0,0,0,0,0,0,0,0,0,0,6,8,14,9,9,9,23,7,0,0,0,0,0,0,0,0,1,13,14,9,0,1,4,0,0,1,0,0,0,0,0,0,0,0,0
Node: 239,ap,0,51,52,0,0,0,0,52,4,6,0,24,1,0,0,41,103,24,0,29,15,14,82,52,0,0,3,9,8,85,118,101,17,37,19,9,9,9,16,2,0,2,41,70,15,25,8,7,7,49,74,7,0,1,9,18,11,0,0,7,21,14,4,8,0,1,0,0,0,0,0,0,0,0,17,0,0,0,0,0,0,0,1,15,14,2,0,0,0,0,75,268,104,0,43,25,0,0,0,0,2,15,25,15,6,2,0,0,0,0,0,0,0,0,0,5,9,9,10,5,0,0,0,4,8,4,132,13,10,3,4,5,0,0,0,0,0,0,0,0,4,5,0,0,0,0,7,1,0,7,8,10,10,4,7,1,0,0,22,20,0,0,1,9,0,0,0,35,195,0,0,0,0,0,0,0,0,0,0,0,0,0,0,0,0,0,0,0,0,0,0,0,64,97,0,0,0,0,9,24,10,87,20,0,0,0,0,0,0,0,0,0,0,6,9,4,0,0,0,0,0,8
Node: 179,ap,0,0,2,0,3,3,4,1,0,0,3,0,0,0,0,0,0,0,0,0,0,0,0,0,0,0,0,0,0,0,0,0,0,1,4,1,0,0,0,0,0,0,0,0,0,0,0,0,0,0,0,0,0,0,0,5,9,1,0,0,0,0,0,0,6,3,0,0,50,42,94,4,3,5,0,36,23,0,6,29,6,4,17,28,0,0,5,4,4,5,3,0,0,0,0,0,0,0,0,0,0,0,0,0,0,0,0,0,0,0,0,44,78,6,0,0,0,0,0,0,0,0,0,0,0,0,84,145,1,3,4,0,0,0,0,0,0,0,1,4,9,8,2,0,0,0,30,28,1,0,0,0,0,0,0,0,0,12,7,0,0,3,8,15,11,21,2,9,12,0,0,0,0,0,26,98,0,0,0,10,4,0,0,0,0,0,61,76,0,0,0,4,6,0,0,0,1,17,0,57,101,0,7,0,0,0,0,2,1,9,37,13,28,176,15,0,5,0,22,11,0,0,0
Node: 178,ap,0,0,0,0,0,0,0,0,0,2,8,9,0,1,0,5,0,0,0,0,0,1,0,0,0,0,0,0,0,0,0,0,0,0,0,0,0,0,0,0,0,0,0,0,0,4,23,0,0,0,0,0,0,0,0,0,0,0,0,0,0,0,0,0,0,0,0,0,0,0,0,0,0,0,0,0,0,0,0,0,0,0,0,0,0,0,0,0,0,0,0,1,2,0,0,0,0,0,0,0,10,34,0,0,0,0,0,0,0,0,0,0,0,0,0,0,0,0,0,0,0,0,0,0,0,0,0,0,0,0,0,0,0,0,0,0,0,0,0,0,0,0,0,0,0,0,0,0,0,0,0,0,0,0,0,0,0,0,0,0,0,0,0,0,0,0,0,0,0,186,45,0,0,0,0,0,0,0,0,0,0,0,0,0,0,0,0,0,0,0,0,0,0,0,0,6,8,0,0,19,20,0,0,0,0,0,0,0,0,0,0,0,0,0,0,0,0,0,0,0,0,0,9
Node: 177,ap,0,0,0,0,2,12,14,82,105,19,42,8,114,175,36,252,147,98,3,135,335,381,391,329,57,72,96,197,194,68,0,62,94,225,304,372,401,409,417,220,350,399,94,59,104,28,20,0,1,6,7,7,14,86,40,26,124,248,27,60,29,68,26,0,53,413,457,10,0,125,239,177,4,10,33,0,44,147,34,256,15,254,66,0,37,42,18,118,181,114,110,51,3,28,249,142,156,249,398,399,203,37,20,110,289,362,383,206,50,226,152,1,65,208,106,0,81,163,221,278,18,33,38,137,356,17,15,0,126,334,9,4,0,0,0,78,102,92,182,309,332,264,71,54,74,76,118,100,165,92,14,51,331,398,421,201,45,2,32,75,272,163,0,7,62,295,353,232,5,10,94,200,210,321,247,0,94,236,272,124,92,29,71,275,383,182,112,44,235,79,31,57,108,115,124,194,416,305,326,133,14,57,182,18,7,0,6,11,71,217,64,77,49,69,64,69,203,214,27,26,94,296,69
Node: 176,ap,0,0,0,0,0,0,0,0,0,0,0,1,15,14,4,0,0,0,1,0,0,0,0,0,0,0,97,31,0,4,10,77,26,9,5,0,0,0,0,0,1,1,0,0,24,3,0,0,0,0,0,0,2,0,0,0,0,0,0,0,4,26,16,4,5,0,0,0,0,0,7,3,0,0,0,0,0,0,0,0,51,45,0,6,28,0,0,0,0,0,0,5,5,0,0,15,19,0,0,0,0,5,38,1,0,0,0,1,24,8,0,0,0,6,2,0,0,0,0,0,0,0,0,0,5,4,0,0,0,0,0,5,0,0,67,154,7,9,22,12,1,0,0,0,0,0,0,0,0,0,0,1,0,0,0,0,0,0,0,0,0,3,7,7,0,0,1,7,0,0,0,0,0,0,0,0,0,66,8,0,9,76,54,0,0,2,0,1,6,0,0,0,1,2,0,0,4,4,0,0,0,0,2,109,0,0,0,0,0,0,0,0,0,0,0,0,0,0,0,43,19,7,29
Node: 175,ap,0,0,0,2,0,0,2,0,0,0,0,0,0,0,0,0,0,0,0,0,0,0,0,1,0,0,0,0,0,0,0,0,0,0,0,1,1,1,0,0,0,0,7,8,6,5,0,0,3,7,0,0,0,0,0,0,0,0,0,0,0,0,0,0,0,2,0,0,0,0,0,0,0,0,0,0,0,0,0,0,0,0,0,0,0,0,0,0,0,0,0,0,0,1,1,2,1,1,3,1,3,0,0,0,1,0,2,1,0,2,1,1,0,0,1,0,0,4,5,11,10,10,2,3,8,9,5,1,1,1,0,0,0,0,4,2,1,1,1,0,10,4,1,0,0,0,0,0,0,0,2,56,2,5,6,1,0,0,8,11,4,3,0,0,0,2,4,0,0,0,0,3,3,1,6,0,0,6,3,1,3,3,0,3,6,7,9,2,1,0,0,2,0,1,2,3,6,5,1,2,0,2,0,2,1,9,11,11,9,14,8,10,10,12,8,10,17,21,20,15,7,6,0
Node: 174,ap,0,0,0,0,0,0,0,0,0,0,3,1,0,0,36,0,0,0,0,0,0,0,0,0,0,0,0,0,0,0,0,4,9,0,0,0,9,2,0,0,0,0,0,0,0,2,7,19,5,0,0,0,0,0,0,0,0,0,0,0,0,0,0,0,0,0,0,0,0,0,19,49,0,0,0,0,0,0,4,6,0,0,0,0,0,0,0,0,0,0,0,0,0,0,0,0,0,0,0,0,0,0,0,0,0,0,0,0,0,0,0,0,11,29,0,5,15,53,66,0,7,9,4,0,0,0,4,5,0,0,0,0,0,0,0,0,0,9,2,3,0,0,0,0,0,0,0,0,0,0,0,0,0,0,0,0,4,9,10,4,0,0,0,0,0,0,0,0,0,0,0,0,0,0,0,0,0,0,0,0,0,0,0,0,0,0,0,0,0,0,0,0,0,0,0,0,0,0,0,0,0,0,45,4,0,0,0,0,0,0,0,0,0,0,19,46,0,0,0,0,0,0,0
Node: 173,ap,0,0,0,0,0,0,0,8,1,0,6,113,4,0,1,7,12,5,176,57,14,14,6,10,38,5,7,22,39,28,20,29,22,7,0,0,0,0,0,0,0,0,0,0,3,95,303,489,145,12,8,1,13,11,1,0,0,0,0,24,18,17,28,18,18,69,5,0,0,0,0,11,46,71,115,135,12,12,6,0,0,0,32,21,13,70,254,209,18,7,7,0,0,0,0,6,6,0,0,0,0,0,0,0,10,0,0,0,0,0,0,0,0,0,0,1,5,3,2,2,7,14,20,23,24,8,10,9,31,64,22,16,6,5,11,14,7,5,5,1,0,0,0,8,28,11,4,2,0,0,0,0,0,0,0,196,147,108,41,0,0,3,11,2,0,0,0,3,10,11,9,13,4,5,5,22,0,0,4,5,6,3,0,0,0,0,1,18,7,6,45,59,17,23,9,13,16,9,0,0,0,0,0,0,0,11,16,23,11,12,26,27,34,23,23,34,0,6,59,0,0,0,0
Node: 172,ap,0,1,1,0,0,0,0,6,127,184,12,6,2,16,1,0,0,0,0,0,0,0,10,43,77,18,0,8,1,0,0,0,0,24,31,0,0,0,0,0,0,0,0,0,0,0,0,0,0,8,55,0,0,0,8,181,272,4,10,8,11,0,0,0,1,7,1,146,95,33,29,33,142,65,0,0,0,0,0,0,0,0,0,18,21,0,14,30,4,49,37,81,67,8,9,0,0,0,0,0,17,28,0,0,0,0,0,112,158,0,19,36,18,5,0,21,115,58,0,15,293,0,0,0,4,12,0,10,13,0,0,0,0,0,0,6,245,73,30,26,1,0,0,0,0,0,7,5,0,0,6,24,23,10,8,8,0,0,0,0,12,7,0,0,0,0,0,0,0,0,0,0,2,9,7,8,5,10,9,9,10,14,75,30,12,9,8,29,27,87,51,56,33,26,27,11,9,6,21,0,0,0,6,96,28,0,0,0,0,0,0,0,0,0,0,0,0,0,0,4,5,0,0
Node: 171,ap,0,0,0,0,0,0,0,0,0,0,0,0,2,0,0,0,13,5,5,0,0,0,0,7,0,0,0,0,0,0,61,30,36,0,0,0,0,0,0,0,0,0,0,0,0,0,1,4,11,0,0,0,4,11,10,9,5,0,0,1,9,2,9,11,16,0,1,0,1,2,0,0,0,1,0,0,0,0,4,5,15,17,2,0,3,10,15,11,9,18,0,0,0,26,34,21,23,0,0,2,154,80,0,0,0,0,0,37,24,0,0,0,4,8,0,8,6,0,2,1,0,0,0,0,0,0,0,0,0,0,0,4,16,29,26,18,18,17,18,19,19,17,5,0,0,0,0,0,0,0,0,0,0,0,0,0,0,0,0,0,0,4,9,9,0,0,0,0,0,0,0,0,0,0,0,0,0,0,0,0,0,0,0,0,0,0,0,0,0,0,0,11,16,0,0,4,5,0,9,43,0,0,0,0,0,136,97,10,17,14,7,2,0,0,0,0,12,2,0,0,0,0,0
Node: 170,ap,0,0,0,0,0,0,0,0,0,1,3,0,3,1,0,0,4,5,8,0,0,0,0,0,0,0,0,0,0,0,0,0,0,0,0,0,0,0,0,0,0,0,0,0,0,0,0,0,0,0,0,0,0,0,0,2,6,5,5,9,7,3,0,0,0,0,0,0,0,6,6,0,0,0,0,0,0,0,0,0,0,0,0,0,0,0,0,2,0,0,0,0,0,0,0,0,0,0,0,0,0,0,0,0,0,0,0,0,0,0,0,0,0,0,4,6,8,7,0,0,0,0,0,0,0,0,5,5,1,0,0,0,0,0,0,1,2,0,0,0,0,0,0,0,7,10,8,8,6,0,0,0,0,0,0,0,2,0,0,0,0,0,0,1,0,0,0,0,0,0,0,0,0,0,1,8,2,0,0,0,0,7,11,10,6,0,0,0,0,1,0,0,0,0,0,1,0,0,0,0,0,0,1,1,0,1,0,0,0,1,0,159,28,19,19,14,9,8,2,0,0,0,3
Node: 213,ap,0,0,0,0,0,0,0,0,0,0,0,0,0,0,0,0,0,0,0,0,0,0,0,0,0,0,0,0,0,0,0,0,0,0,0,0,0,0,0,35,22,0,0,0,0,0,0,0,0,25,5,9,8,0,0,0,0,0,0,0,0,0,8,42,0,0,0,0,0,11,12,8,0,0,0,0,0,0,3,10,8,10,0,0,0,0,0,0,0,0,0,0,0,0,0,0,0,0,12,7,0,0,0,0,0,0,0,0,0,0,0,0,0,0,0,0,0,0,39,0,0,7,5,0,0,0,0,5,5,0,0,0,0,0,0,0,0,0,0,0,0,0,0,0,0,0,0,0,0,0,69,224,1,0,0,0,7,0,0,0,0,0,0,0,0,8,0,27,1,0,0,0,0,0,0,0,0,0,0,0,0,0,0,0,0,0,0,0,0,0,0,0,0,0,0,0,0,0,0,0,0,0,0,0,0,0,116,118,0,0,0,0,0,2,4,0,0,0,0,0,0,0,0
Node: 234,ap,0,2,1,0,0,0,0,0,0,0,0,0,0,120,34,0,86,102,1,0,0,0,0,0,0,0,0,0,2,8,7,0,7,0,0,1,44,55,6,6,0,0,0,1,9,4,0,0,0,8,77,11,10,8,10,7,4,1,12,11,17,12,9,5,0,0,0,0,0,0,0,0,0,0,0,0,2,10,4,0,0,1,11,0,0,0,0,0,0,2,11,14,0,7,90,1,0,0,0,0,0,0,78,49,0,0,0,19,8,5,2,0,0,1,11,1,0,2,8,19,32,18,5,9,12,0,0,0,0,22,68,2,0,25,32,15,8,0,0,0,0,0,0,0,2,7,6,4,2,0,0,4,19,14,3,0,61,130,12,8,15,15,13,3,0,0,0,0,0,0,15,11,8,15,0,0,144,99,17,31,30,29,16,14,11,0,0,0,0,0,0,0,1,2,1,2,22,0,0,0,0,0,7,4,0,0,0,2,30,18,22,14,0,0,1,14,5,42,8,9,1,0
Node: 224,ap,0,1,3,1,1,2,0,1,1,1,0,12,4,2,3,4,44,12,25,6,4,7,20,9,5,6,6,12,39,99,1,3,4,15,12,0,0,0,0,0,5,6,4,2,1,7,5,44,113,25,19,12,4,1,0,5,4,9,11,3,3,4,5,6,6,5,7,8,7,66,21,6,4,1,2,9,6,3,3,3,3,6,4,6,5,10,3,6,2,4,0,0,0,0,0,0,7,200,19,3,1,0,4,5,2,7,5,3,2,2,0,20,27,5,3,4,189,240,3,11,5,4,5,6,4,3,14,7,3,4,6,4,7,4,5,3,3,4,4,4,5,4,3,9,0,0,0,0,1,20,13,1,3,6,7,9,59,200,3,0,6,16,7,8,5,4,3,4,3,6,12,85,22,6,2,4,1,5,7,55,12,9,7,7,6,6,1,0,0,0,0,0,0,0,1,3,2,5,5,15,10,3,0,0,0,0,0,0,0,0,28,8,0,0,0,12,115,1,1,4,4,3,4
Node: 223,ap,0,0,1,2,0,0,0,0,39,34,2,5,2,3,71,49,2,5,6,0,0,0,0,0,0,0,0,6,31,61,0,0,0,0,169,25,12,29,19,18,53,109,63,8,0,0,38,9,6,10,10,16,25,0,0,0,0,0,39,255,0,0,55,43,0,3,0,0,0,0,34,220,3,0,0,0,83,222,241,77,27,42,5,48,78,111,0,0,0,0,4,3,0,0,0,3,14,19,9,0,8,2,0,5,21,0,2,19,16,21,30,71,15,16,5,0,0,1,24,72,142,24,10,0,8,9,15,170,18,0,0,7,11,0,0,328,9,0,0,0,0,0,0,28,135,201,116,29,46,13,15,86,239,51,22,24,3,0,0,3,52,71,19,27,30,18,4,0,0,8,10,0,7,179,17,62,44,0,62,84,25,18,18,26,39,34,61,49,27,5,0,2,8,9,10,7,130,8,54,115,54,34,18,19,24,0,0,0,8,6,115,95,14,21,24,17,17,10,10,7,8,10,10
Node: 226,ap,0,0,0,0,0,0,0,0,0,0,1,0,0,1,0,0,0,0,0,0,4,4,0,0,0,0,0,0,1,3,0,178,153,0,0,9,11,10,8,0,0,0,6,8,0,159,16,5,0,0,0,0,1,0,0,0,0,0,0,0,11,26,17,0,0,0,0,0,1,15,4,23,22,28,25,0,3,26,0,0,0,0,0,4,20,0,0,0,0,0,0,0,0,0,0,6,8,10,7,6,1,9,8,8,9,6,10,9,2,0,2,22,0,0,0,0,0,0,0,0,0,5,0,26,14,10,8,10,6,8,0,0,0,8,305,4,7,15,302,5,0,0,0,0,0,0,0,0,0,0,0,0,0,0,0,3,24,0,36,9,0,0,0,0,0,0,0,0,0,0,0,0,0,0,5,70,2,0,0,0,0,5,21,0,0,0,0,0,0,0,0,0,0,0,0,0,0,0,0,0,0,3,8,9,3,0,7,169,101,26,70,7,0,2,8,8,0,1,0,0,0,0,0
Node: 222,ap,0,0,0,0,0,0,0,0,0,0,0,1,0,0,0,4,10,11,9,19,4,0,61,0,0,0,0,0,4,5,0,0,0,0,4,15,0,0,0,0,0,7,0,0,0,7,9,14,22,12,0,0,5,12,1,0,6,108,0,0,0,0,0,0,0,0,0,4,4,2,8,0,0,0,0,0,0,0,0,0,0,0,0,0,0,0,91,42,12,6,0,0,2,0,0,0,1,3,0,47,9,2,0,0,0,0,1,0,0,9,41,8,1,0,0,0,0,0,0,0,0,0,0,0,0,0,1,0,0,0,65,76,25,2,0,0,0,0,0,0,0,0,2,29,23,19,18,9,9,1,0,4,50,203,82,6,17,6,0,156,96,0,0,0,0,0,0,0,0,0,0,0,7,64,24,9,0,0,0,0,200,62,0,0,0,0,1,148,9,9,59,62,8,6,10,0,7,21,0,0,0,58,7,0,0,0,0,0,47,39,0,0,0,0,24,1,0,0,0,0,0,16,1
Node: 182,ap,0,0,0,0,0,0,0,0,2,0,0,0,0,0,0,0,0,0,0,0,0,0,0,0,0,0,0,0,2,1,0,0,0,0,0,0,0,0,0,0,0,0,0,0,0,0,0,0,0,0,3,1,0,0,0,0,0,0,0,0,0,191,69,0,0,0,0,0,0,0,0,3,0,0,0,1,8,8,3,0,0,0,0,0,0,0,0,0,121,161,0,0,0,0,0,0,0,0,0,8,6,0,12,107,0,0,0,0,0,0,0,0,0,0,0,0,0,0,0,0,0,0,0,0,0,0,0,0,0,0,0,0,0,0,0,0,11,23,10,8,9,0,0,0,0,0,0,2,8,1,0,1,9,9,21,10,1,0,0,0,8,9,0,0,0,6,8,9,0,0,0,0,0,6,34,0,0,0,0,0,4,6,0,0,0,0,0,0,0,0,0,11,27,0,0,3,6,0,0,0,0,0,0,0,0,0,1,0,0,0,0,0,0,0,0,0,0,0,0,0,0,0,0
Node: 183,ap,0,0,0,0,0,0,0,0,0,0,2,56,7,7,4,0,0,0,1,7,5,3,0,13,20,0,0,0,0,0,0,10,39,8,11,24,17,18,30,0,0,12,134,132,0,0,30,43,1,140,251,0,5,26,1,0,0,12,15,31,0,1,1,0,0,0,0,0,3,2,5,1,9,1,0,0,5,3,5,3,6,0,3,4,0,0,22,17,0,25,17,4,0,0,0,1,4,3,33,7,0,0,0,0,0,0,0,0,0,0,0,0,0,22,30,4,0,0,0,46,42,28,0,0,0,0,2,38,361,3,29,0,9,11,23,20,11,0,5,5,6,1,0,0,0,0,0,0,0,0,0,0,0,0,23,91,4,0,0,7,0,5,9,0,4,8,9,0,10,40,336,233,2,10,0,12,55,6,10,15,3,0,11,33,13,4,35,22,5,0,0,2,1,0,0,0,0,0,0,0,3,1,0,0,0,4,3,0,0,0,0,0,6,6,16,16,26,59,26,8,9,5,29
Node: 180,ap,0,0,0,0,0,0,0,0,2,4,3,1,0,0,0,0,0,0,0,0,0,0,0,0,0,0,0,10,5,0,0,1,1,0,0,0,0,0,0,0,0,7,35,3,8,0,0,1,9,4,5,1,0,0,0,3,4,0,1,1,7,10,2,1,0,6,14,2,0,1,0,0,0,0,0,0,0,0,0,1,0,0,30,107,0,0,0,0,2,6,0,1,5,5,0,0,0,0,1,0,0,11,88,3,9,1,0,1,0,0,0,6,39,7,1,0,0,0,15,22,1,0,0,2,0,0,0,0,6,3,5,0,21,29,10,0,0,0,1,0,0,0,0,0,0,0,0,0,0,0,88,138,0,0,2,2,1,8,17,13,0,0,0,28,271,14,0,0,0,0,3,7,4,0,82,19,0,0,0,0,0,0,15,21,17,12,10,10,10,2,0,4,5,0,0,0,0,0,0,0,1,0,0,0,0,0,1,2,0,0,2,0,4,0,0,7,30,1,1,0,0,0,0
Node: 181,ap,0,0,0,0,0,3,2,2,4,77,171,16,14,0,0,0,1,5,5,0,0,0,0,13,0,0,0,1,0,0,0,9,3,0,0,0,2,7,7,0,0,0,0,1,1,0,2,12,29,10,13,2,0,0,0,0,0,1,3,0,0,0,0,0,0,0,0,12,7,19,22,7,0,0,0,0,0,0,0,0,0,0,1,7,6,5,0,0,0,0,0,2,181,89,0,0,0,0,0,0,13,187,107,19,0,0,0,0,0,0,0,0,1,0,0,0,0,4,7,0,0,4,41,118,43,0,0,0,0,0,0,0,0,0,0,76,2,0,0,0,0,0,2,9,7,7,10,4,0,0,1,1,0,0,6,10,10,2,3,2,0,0,0,0,5,1,95,19,6,0,0,0,0,0,0,0,0,0,0,0,0,0,0,0,0,0,0,158,54,9,24,12,13,2,0,0,0,0,0,0,0,0,0,0,0,0,300,91,0,0,71,125,254,1,0,1,0,8,8,21,11,0,12
Node: 186,ap,0,58,71,0,0,0,0,0,0,0,32,3,0,2,0,97,113,4,0,1,2,0,0,0,0,0,0,9,180,1,0,0,0,0,0,4,7,9,1,0,28,15,0,0,0,0,15,4,194,119,4,0,0,0,0,0,0,0,0,0,0,0,0,4,1,0,0,0,0,0,0,0,0,0,0,0,0,0,0,15,1,0,0,154,142,0,0,2,7,0,0,0,0,0,0,4,12,5,0,0,0,0,4,6,32,17,0,0,8,63,190,70,0,0,0,8,7,5,0,0,0,0,0,0,0,0,0,0,0,24,10,3,3,36,4,0,0,0,0,0,0,55,161,4,150,5,0,94,34,0,0,0,21,3,0,0,0,0,0,2,2,0,3,110,56,16,15,14,0,0,0,4,9,19,10,9,9,10,15,0,24,18,12,0,0,0,155,70,0,0,8,7,8,5,0,5,4,0,0,0,0,0,0,0,0,0,0,0,0,8,7,0,0,0,0,0,0,0,0,0,0,34,15
Node: 187,ap,257,109,1,0,0,0,0,0,0,0,0,0,0,0,0,4,6,8,4,0,0,0,0,0,0,0,0,0,0,0,1,0,0,0,0,0,0,0,0,0,0,2,3,0,0,0,0,0,0,0,0,0,0,0,0,0,0,0,0,0,0,0,0,0,0,0,0,0,3,9,5,0,0,0,0,0,0,0,0,0,0,0,0,0,0,0,0,0,0,1,10,8,9,7,9,0,0,0,0,0,0,0,0,0,0,0,0,0,0,0,0,0,0,0,0,6,8,7,9,2,0,0,0,0,0,0,0,0,0,0,0,0,0,0,0,0,4,9,8,1,0,0,0,0,16,14,0,0,0,5,9,9,5,0,0,0,5,8,5,0,0,0,0,0,0,0,0,0,0,0,0,0,0,0,0,0,0,0,0,0,0,0,0,0,0,0,0,0,0,0,0,0,0,0,0,0,0,0,0,0,8,8,9,1,0,0,0,0,0,0,0,0,0,0,0,0,0,0,0,0,0,0,0
Node: 184,ap,0,0,0,0,2,2,1,3,3,9,11,6,1,0,0,0,0,0,0,0,0,0,0,0,0,0,0,0,0,0,0,0,3,8,1,0,0,0,0,6,6,0,0,1,401,11,10,2,0,0,0,0,0,0,0,2,5,0,0,0,7,0,0,0,2,9,7,7,10,47,8,8,7,10,9,8,10,3,0,0,0,0,6,6,0,0,0,0,0,0,0,0,0,0,0,0,1,8,0,0,0,0,0,0,0,0,0,0,0,0,0,0,0,0,0,0,0,0,1,9,14,13,9,10,3,0,0,0,0,0,0,0,0,0,0,0,0,1,7,0,0,27,14,9,9,10,8,9,3,0,0,0,0,0,0,0,16,54,0,0,0,0,0,0,28,74,0,0,0,0,0,0,0,0,0,5,76,1,0,0,0,0,0,0,1,5,0,0,0,0,0,0,2,8,14,9,0,0,0,0,0,0,0,0,0,8,4,0,0,0,0,7,30,0,0,2,7,0,0,0,3,10,9
Node: 185,ap,0,0,0,0,0,0,0,0,0,0,0,0,0,0,0,0,0,0,0,0,0,0,0,0,0,0,0,0,0,0,0,0,0,0,0,0,0,0,0,0,0,0,0,0,0,0,0,0,2,8,2,0,0,0,0,0,0,0,0,0,0,0,3,14,3,0,0,0,0,0,0,0,0,4,4,0,0,15,5,0,0,0,0,1,1,0,0,0,1,0,0,0,0,0,1,2,40,50,0,3,6,0,0,0,0,0,0,0,0,0,12,42,0,5,6,0,0,0,0,0,0,0,0,0,0,6,1,0,0,1,0,0,0,3,8,0,0,0,5,1,0,0,3,0,87,132,7,1,0,0,0,0,0,0,0,0,0,0,0,0,0,0,0,2,1,0,0,0,0,0,0,0,0,0,0,0,0,0,0,0,0,1,0,0,0,0,11,32,0,0,0,0,0,0,0,0,0,0,0,0,0,0,0,0,0,0,0,0,0,0,0,0,0,0,0,0,0,0,0,1,1,2,0
Node: 219,ap,0,1,0,0,0,0,0,0,0,7,4,1,1,0,0,0,1,15,0,0,0,0,0,0,0,0,0,0,0,0,0,1,0,6,8,2,0,0,0,0,5,4,17,12,15,0,0,0,0,9,24,8,5,0,0,0,0,0,0,0,12,0,0,0,0,0,63,122,147,0,0,0,0,0,16,9,7,0,64,32,18,3,113,65,21,26,0,0,0,0,0,0,8,15,19,16,10,0,0,0,0,0,0,0,0,3,136,0,6,87,3,5,8,14,49,0,0,0,0,0,2,15,0,0,0,0,0,3,19,8,0,0,7,16,9,1,0,0,4,0,0,0,0,1,7,7,0,80,4,0,0,0,0,0,0,0,0,0,0,0,0,0,3,31,0,0,0,0,0,1,18,18,16,3,0,44,72,27,7,8,10,51,52,0,0,0,0,0,0,0,0,3,1,4,0,0,0,0,0,0,0,2,0,0,0,0,0,0,6,33,37,22,0,0,16,0,0,0,49,20,0,0,0
Node: 188,ap,0,0,0,0,0,0,0,0,0,0,5,0,0,0,0,1,2,0,0,0,0,0,5,15,0,0,0,0,0,13,245,2,0,0,0,0,0,0,0,0,16,14,0,0,0,0,0,0,2,6,0,0,0,0,0,0,0,0,0,0,8,5,0,0,0,0,0,0,0,0,0,0,0,0,0,0,0,0,0,0,0,0,0,0,36,7,0,0,0,0,3,6,6,7,41,64,0,21,10,88,104,9,9,10,3,0,0,0,0,16,72,1,0,0,0,6,2,0,0,7,8,8,8,3,8,189,11,8,9,3,0,0,0,0,0,0,0,0,0,0,0,0,0,2,11,0,0,0,0,0,0,0,0,0,0,0,0,0,0,9,7,4,0,0,0,0,3,8,0,0,0,0,0,0,0,0,0,0,0,0,0,0,0,0,0,0,5,6,0,6,1,0,0,0,0,0,0,0,0,0,0,0,0,0,0,0,0,0,0,0,0,0,0,0,0,0,0,0,0,0,0,0,2
Node: 189,ap,1,0,0,0,0,0,0,0,2,1,0,0,0,0,0,1,2,2,7,0,0,0,0,0,0,0,0,0,0,0,0,0,0,0,0,0,0,0,0,0,0,0,2,2,1,5,2,0,0,0,0,0,0,0,0,4,5,7,2,0,0,0,0,0,1,2,0,0,2,7,7,4,0,0,0,0,0,5,1,0,0,0,0,0,0,0,0,0,0,0,0,0,0,0,0,0,0,0,0,0,0,0,3,6,0,0,0,0,0,0,0,0,0,0,0,0,0,3,9,4,8,1,0,0,3,9,9,6,0,0,0,0,7,121,0,0,0,0,0,0,0,0,0,0,0,0,0,0,0,0,0,0,0,0,0,0,4,8,10,5,0,0,0,0,1,10,9,8,0,0,25,5,0,0,0,0,0,0,0,0,0,0,0,0,0,0,0,1,7,10,5,0,0,0,0,0,0,0,0,0,0,5,6,0,0,0,0,0,0,0,9,13,1,9,38,0,0,0,6,31,11,11,2
Node: 201,ap,0,0,3,1,2,1,1,2,3,5,22,16,8,17,54,13,14,16,10,12,13,9,8,10,73,90,95,24,3,9,7,2,6,6,4,56,20,9,38,197,1,3,2,13,101,8,10,41,26,2,1,15,9,6,2,4,4,3,2,3,4,3,3,131,247,8,5,5,3,5,2,3,4,4,6,6,5,4,7,5,4,6,40,9,5,5,3,2,11,13,14,16,11,6,84,10,6,11,5,4,11,16,2,4,9,17,23,17,17,15,17,113,47,15,23,23,25,32,8,4,0,16,52,7,4,31,97,8,5,12,4,2,10,7,10,8,38,147,20,16,146,202,3,16,16,6,19,33,7,55,198,4,4,16,3,2,3,4,6,35,23,4,5,4,5,3,6,5,5,7,5,5,4,5,7,56,52,4,5,10,60,14,4,36,159,3,6,4,1,0,0,1,1,0,0,7,9,5,3,10,10,6,4,2,1,4,3,5,8,6,0,3,102,73,189,24,13,7,27,27,7,5,10
Node: 200,ap,0,0,0,0,0,0,0,0,0,0,0,0,0,0,0,0,2,5,7,13,28,37,26,0,0,10,32,15,17,0,0,0,9,7,13,7,0,3,4,2,0,0,0,1,0,70,13,7,0,3,8,7,10,8,9,8,1,0,0,0,1,0,27,24,10,67,4,0,0,2,0,0,1,14,1,0,0,0,1,1,0,0,6,7,3,0,3,7,0,0,9,0,0,0,1,8,1,0,1,1,0,1,0,7,56,18,4,10,46,74,19,2,2,0,0,4,3,1,1,0,6,18,11,9,8,9,6,1,32,43,1,0,60,140,0,0,1,2,1,1,2,2,1,0,0,9,19,2,1,0,2,8,2,73,18,1,4,10,31,3,0,0,1,0,1,0,0,0,2,0,0,0,0,1,0,1,1,0,0,0,2,0,39,72,2,1,0,1,0,3,0,48,21,0,0,3,0,5,5,23,124,7,10,9,9,10,10,6,10,9,7,10,11,7,12,16,8,11,12,4,16,10,4
Node: 203,ap,0,0,0,0,0,0,0,0,0,0,0,0,3,0,0,0,48,135,9,1,1,23,2,0,0,0,4,7,5,0,0,0,1,7,9,16,9,154,240,5,0,0,0,0,0,0,0,0,0,28,4,0,0,0,0,0,0,7,17,17,11,10,9,1,0,0,0,0,34,152,12,18,1,0,0,0,0,0,0,0,0,0,0,0,0,0,0,3,19,0,0,0,0,0,0,0,0,0,0,0,9,7,0,6,5,8,8,57,89,62,0,76,4,0,0,0,0,1,15,19,0,0,0,0,0,0,0,0,0,0,0,0,35,83,12,0,0,0,0,0,0,0,0,0,0,0,0,46,44,0,0,0,1,0,0,0,6,12,18,22,10,74,123,0,0,0,0,0,0,0,0,0,0,0,0,0,0,0,0,0,0,0,1,78,1,0,0,0,0,0,0,0,0,0,1,51,1,8,9,0,0,8,14,8,0,14,13,0,0,0,0,0,0,0,0,64,52,9,101,1,3,5,0
Node: 202,ap,0,0,0,0,0,0,0,0,0,0,0,0,0,0,0,0,0,0,1,0,0,0,0,0,0,0,0,0,0,0,0,0,0,0,0,0,0,0,1,18,0,0,3,9,0,0,0,0,0,0,0,0,0,0,0,0,0,0,0,0,0,0,0,0,0,0,0,0,0,0,0,0,0,0,0,0,5,10,40,9,7,12,3,0,0,0,2,14,9,0,0,0,0,0,0,3,8,1,30,1,0,0,0,0,0,0,0,0,0,0,0,0,0,0,0,159,121,2,16,12,8,0,10,15,0,0,1,8,0,0,0,0,4,6,0,0,0,1,0,14,16,14,47,7,0,0,0,0,0,8,7,9,8,7,0,1,0,0,0,2,7,10,7,7,8,2,0,0,0,0,0,3,3,0,0,0,0,0,0,0,0,23,47,11,0,0,0,0,0,0,0,0,0,0,0,0,0,0,0,0,0,0,0,0,0,0,0,0,0,0,0,0,0,0,0,0,3,10,8,0,0,0,6
Node: 205,ap,0,0,0,0,0,0,0,0,0,0,0,0,0,0,0,0,0,0,0,0,0,0,0,0,0,0,0,0,0,0,0,0,0,0,0,0,0,0,0,0,0,0,0,0,0,0,0,0,0,0,0,0,0,0,0,0,0,0,0,0,1,0,0,0,0,0,0,0,0,0,0,0,0,0,0,0,0,0,0,0,0,0,0,0,0,0,0,4,5,6,7,22,8,0,0,2,8,10,7,0,0,0,0,0,3,8,11,19,19,17,10,0,0,6,8,5,3,4,7,14,8,8,9,9,10,10,4,0,0,0,0,0,0,0,0,0,0,1,0,0,0,0,3,8,9,8,0,0,15,11,9,9,8,9,3,0,0,0,0,12,17,11,6,0,0,0,0,0,0,0,0,0,0,0,0,0,0,0,0,0,0,0,0,0,2,17,1,0,0,0,0,7,9,8,5,8,0,0,0,0,0,1,1,0,0,0,0,0,0,0,0,0,1,0,1,0,0,0,0,1,0,0,0
Node: 204,ap,0,0,0,0,0,1,10,2,2,2,0,0,0,0,0,0,0,0,0,0,0,0,0,0,0,0,0,6,1,0,0,0,0,0,0,0,12,12,0,0,0,12,27,12,0,1,8,8,8,0,0,0,0,0,0,0,0,0,0,0,0,0,0,0,0,0,0,0,0,0,0,0,0,6,14,8,0,0,6,0,0,3,5,0,0,0,0,0,0,0,0,0,0,0,0,0,0,18,18,19,7,0,0,0,0,16,10,5,0,0,0,0,0,0,8,1,0,0,0,8,6,0,0,0,0,0,0,0,0,5,5,0,0,0,0,0,0,0,0,0,0,0,2,9,2,0,0,0,0,0,0,0,0,0,0,0,0,0,0,0,0,0,0,0,0,0,0,10,24,0,8,7,9,17,3,0,0,0,0,0,0,0,0,0,2,11,0,0,2,43,0,0,0,0,8,6,0,0,0,98,58,0,0,0,0,0,0,0,0,0,0,0,0,3,4,3,0,0,0,0,0,0,0
Node: 207,ap,0,0,0,1,1,1,0,1,1,4,4,5,8,5,5,6,6,6,6,9,4,10,9,7,8,8,10,8,7,8,9,8,5,9,15,11,14,10,14,12,10,7,5,6,4,2,0,7,7,0,0,6,6,4,9,5,7,9,6,6,7,0,15,98,153,2,6,3,4,5,4,7,3,4,2,4,8,7,2,5,8,15,5,5,5,4,3,5,4,3,5,8,4,3,7,3,6,4,3,3,7,6,7,6,4,6,5,3,0,0,28,13,0,0,4,4,0,0,0,12,11,9,4,4,5,4,2,8,7,15,13,5,2,5,7,5,69,173,5,5,4,3,4,6,4,4,7,4,8,3,2,4,5,5,3,3,8,3,5,6,6,11,3,4,6,7,5,5,6,1,4,7,8,6,3,3,6,3,8,6,4,6,8,0,0,0,0,0,0,0,0,1,2,7,7,4,5,13,10,3,4,6,6,15,13,12,13,12,13,5,5,4,5,5,2,5,5,6,4,3,2,4,6
Node: 206,ap,0,2,0,0,0,0,0,0,0,1,0,0,0,0,0,0,0,0,0,0,0,0,0,0,0,0,1,0,0,0,0,0,0,0,5,7,3,0,0,0,0,0,5,7,4,6,2,0,0,0,0,0,0,0,0,0,0,0,0,0,0,0,0,0,0,0,0,26,41,0,0,0,0,2,0,0,4,9,8,9,16,11,9,10,3,0,4,22,58,28,20,21,17,19,26,25,7,0,0,0,5,11,0,10,8,0,0,0,0,0,0,0,0,11,22,0,0,0,0,0,0,5,18,17,5,0,0,0,0,0,0,0,0,0,0,0,0,0,0,0,0,0,0,0,0,0,0,0,0,0,0,0,0,0,0,0,0,0,0,0,0,0,0,0,0,0,0,0,0,0,0,0,0,0,0,0,5,8,7,0,0,0,0,6,9,7,0,0,0,0,6,7,10,18,16,2,0,1,7,0,0,0,0,2,9,0,0,0,5,10,11,0,8,6,0,0,0,0,0,0,0,0,0
Node: 209,ap,0,0,0,0,0,0,0,0,0,0,0,0,0,0,0,0,0,0,0,0,0,2,2,0,14,221,221,0,0,0,7,26,27,227,5,0,0,0,0,0,0,5,6,0,0,0,4,1,1,4,0,0,0,0,0,7,16,12,7,0,130,116,51,0,0,0,0,0,0,0,0,0,136,494,0,0,0,0,2,26,1,0,0,0,0,0,0,0,0,0,0,0,0,0,0,0,0,1,9,8,0,0,0,0,0,0,0,0,0,0,0,0,3,2,0,0,0,0,0,0,0,0,0,0,0,0,0,0,0,0,0,0,0,0,0,0,0,0,0,0,0,0,0,0,0,0,0,0,0,0,0,0,1,8,2,0,0,0,0,0,0,0,0,0,0,11,30,4,4,0,0,0,3,10,9,0,0,0,0,0,0,0,0,3,7,5,3,1,0,0,0,0,0,0,0,0,0,0,5,35,10,5,0,0,0,0,0,0,0,0,12,3,0,0,0,0,0,0,0,0,4,5,6
Node: 208,ap,0,0,0,0,0,0,8,55,0,0,0,1,3,2,0,0,0,1,0,8,7,8,3,0,0,0,0,0,0,0,0,0,0,9,0,0,0,0,0,0,0,0,0,0,0,0,0,0,0,17,15,7,15,17,0,0,0,0,0,0,0,7,5,0,0,0,0,0,0,0,1,8,0,0,0,5,9,0,0,0,0,0,0,0,0,0,5,0,0,0,0,0,0,5,8,8,0,0,0,3,7,0,0,0,0,0,17,2,0,0,0,0,0,0,0,0,0,0,0,0,0,0,0,0,0,0,0,0,10,13,7,0,0,0,0,0,0,0,0,0,0,0,0,0,18,23,0,0,0,0,0,0,0,0,0,0,0,0,0,0,8,0,12,14,0,0,0,0,0,8,17,10,5,0,0,0,0,0,0,0,0,0,0,0,0,0,0,0,79,0,0,0,0,0,46,313,0,0,0,0,0,0,16,36,0,0,0,0,0,0,0,0,0,0,0,0,0,0,0,0,0,0,0
Node: 221,ap,0,0,0,0,19,148,122,10,1,12,13,26,6,8,6,7,0,55,65,0,0,0,5,26,4,0,0,2,3,0,0,0,16,13,1,0,0,0,0,0,1,3,8,15,8,8,4,9,14,22,23,9,97,239,99,0,0,0,0,0,0,0,0,0,4,6,10,12,7,10,0,50,1,0,29,99,151,3,3,17,6,127,249,100,58,1,1,0,0,2,11,35,149,205,33,53,15,0,0,0,1,18,0,0,0,1,4,0,20,71,63,13,1,0,0,0,0,2,14,4,0,2,0,0,17,22,103,69,2,13,9,7,0,1,12,2,0,0,0,227,123,58,72,6,15,13,7,2,1,3,7,2,0,14,8,0,0,2,15,0,1,2,39,243,30,26,187,120,63,13,0,85,201,15,13,55,77,10,0,0,4,56,3,0,30,18,72,6,130,229,21,21,12,9,13,25,66,31,11,5,14,25,24,21,11,9,9,6,11,21,15,22,24,8,4,11,16,8,22,29,9,241,32
Node: 225,ap,0,0,0,0,0,0,0,0,0,0,0,0,0,2,0,0,0,0,0,0,0,0,0,0,1,0,0,0,0,0,0,3,1,0,0,0,0,0,0,0,0,1,0,0,0,0,1,0,0,0,0,0,1,0,0,0,3,1,0,0,0,1,0,0,0,1,0,0,0,0,0,0,0,0,11,4,0,0,0,0,0,0,0,0,0,2,1,4,5,1,0,0,0,5,5,4,0,0,1,4,0,0,1,2,0,0,0,0,0,1,0,1,9,5,0,0,1,0,0,0,1,0,0,0,2,0,0,0,1,0,4,0,0,0,7,2,1,1,15,0,0,0,0,0,1,0,0,0,3,7,6,0,1,0,1,0,0,0,1,1,0,0,1,1,1,4,0,0,0,4,0,0,0,0,0,0,1,0,0,4,5,1,1,0,0,0,0,0,1,0,0,0,1,3,1,0,1,1,0,0,0,0,0,0,0,2,1,4,4,1,0,0,0,2,1,0,0,1,0,1,0,1,0
Node: 231,ap,0,0,0,0,0,0,0,0,0,0,0,0,0,0,0,0,0,0,0,0,0,0,0,0,0,0,2,0,0,0,0,0,0,0,1,5,3,6,5,5,16,6,0,4,8,6,8,7,10,10,22,0,0,0,0,0,5,8,0,0,0,0,0,0,0,0,0,0,0,0,0,13,2,0,0,0,0,0,0,0,0,0,0,0,0,0,0,0,0,33,9,0,0,0,0,0,1,0,0,0,2,7,0,0,0,0,0,0,0,0,0,0,0,0,0,0,0,0,0,0,0,0,0,0,0,0,0,0,0,0,0,0,0,0,0,0,0,0,1,6,9,2,0,0,0,0,0,3,0,0,0,0,0,0,15,41,0,0,1,1,0,0,0,0,0,2,9,0,0,3,11,0,0,0,0,0,0,4,8,0,0,2,8,1,0,0,0,0,0,0,0,6,9,10,3,0,0,0,0,0,0,0,0,0,0,2,12,16,0,0,0,0,0,0,0,0,0,0,0,0,1,0,0
Node: 168,ap,0,0,0,0,0,0,10,6,8,8,8,7,7,9,8,9,9,27,79,10,8,5,0,1,6,2,0,0,0,0,0,0,0,0,0,0,0,0,0,0,0,0,0,0,1,9,0,0,0,0,0,0,0,0,0,0,0,0,0,9,8,9,209,118,2,14,92,18,17,10,0,3,34,0,0,0,0,100,89,98,6,0,4,7,7,0,0,0,0,0,0,0,0,0,0,0,0,0,0,0,0,0,0,9,9,7,0,0,8,8,8,8,9,10,8,13,12,9,7,9,8,9,8,15,112,9,12,30,34,22,33,30,28,37,24,26,12,8,16,9,2,7,12,9,4,0,0,0,0,0,0,12,20,0,0,0,0,0,0,0,0,25,73,18,12,8,9,9,2,0,0,0,17,36,2,0,0,0,0,0,4,3,0,0,1,38,2,49,29,22,9,32,15,0,0,0,0,0,0,8,41,128,26,16,9,22,19,15,21,37,19,27,32,28,28,55,37,19,12,9,9,9,2
Node: 169,ap,1,0,1,1,0,18,120,0,3,12,26,2,4,8,11,5,5,4,4,1,148,7,2,3,1,4,8,43,53,3,4,5,3,10,6,2,5,4,4,4,7,9,15,70,12,13,8,4,65,12,5,295,211,8,11,4,4,4,3,5,27,4,9,8,3,6,4,7,25,7,3,6,4,6,4,3,4,3,4,6,7,6,12,14,14,13,15,10,7,6,5,4,5,5,2,2,4,5,3,5,6,7,8,4,8,6,6,3,8,6,7,2,7,7,4,7,5,6,4,6,4,5,6,11,5,3,11,10,2,7,12,13,92,96,3,0,3,4,4,6,4,4,5,51,64,0,6,4,2,6,5,6,4,6,9,2,5,9,16,2,3,4,36,18,5,92,11,7,3,5,3,3,5,7,10,23,5,6,5,2,3,4,7,4,3,7,5,5,3,3,4,9,28,24,5,3,5,8,11,14,11,13,15,13,10,7,5,6,8,9,3,4,4,3,8,10,3,6,22,23,4,4,5
Node: 229,ap,2,0,1,0,0,0,0,0,0,0,2,3,1,0,0,0,0,0,0,0,0,0,0,0,0,0,0,0,0,0,0,5,4,0,0,0,0,0,0,0,2,2,0,0,0,0,0,0,0,0,0,0,0,0,0,0,0,0,0,0,0,0,0,0,0,0,0,0,0,0,0,0,0,0,0,0,0,0,0,5,13,4,0,0,0,0,0,2,4,0,0,0,0,0,0,0,0,0,0,0,0,0,27,36,3,10,9,7,0,9,3,0,0,0,8,6,9,0,0,0,0,0,0,10,1,0,0,9,12,21,10,8,10,6,0,0,0,0,8,9,7,3,0,0,0,0,0,0,0,1,6,0,0,0,0,0,0,0,0,5,6,0,1,1,0,0,0,0,22,17,0,0,0,0,0,0,0,0,0,197,63,0,0,0,0,0,0,0,0,0,0,8,7,7,10,10,5,8,0,0,7,10,9,9,9,2,3,6,0,0,0,0,0,0,0,0,0,0,8,8,0,0,0
Node: 228,ap,0,3,2,0,0,1,0,1,2,2,2,1,3,1,2,4,2,4,4,7,11,10,18,134,105,3,2,3,9,11,37,19,8,6,7,7,3,8,12,65,9,21,17,9,3,3,2,6,5,4,7,4,3,7,8,5,2,7,5,5,4,4,4,5,4,4,6,6,3,4,5,6,2,5,6,4,5,6,20,22,16,8,6,12,11,109,160,29,19,85,66,16,14,20,17,11,13,6,250,80,22,12,5,8,10,18,13,27,6,3,5,2,2,4,6,4,4,9,11,15,17,12,8,4,8,6,4,7,6,13,264,11,13,11,10,2,7,4,12,11,32,33,14,11,11,8,9,10,11,12,14,5,2,21,13,28,10,5,4,4,8,6,13,20,14,14,13,1,0,3,6,4,2,3,15,13,2,5,6,5,6,5,8,20,27,21,9,4,4,5,5,12,8,5,6,5,6,18,14,7,1,11,15,7,4,5,6,4,5,4,7,6,5,89,5,4,0,10,15,12,113,14,11
Node: 164,ap,0,0,0,0,0,0,0,0,0,0,0,0,0,0,0,0,0,0,0,0,0,0,0,0,0,0,0,0,0,0,0,0,0,0,0,0,0,0,0,0,0,0,0,0,0,0,0,0,0,0,0,0,0,0,0,0,0,2,0,0,0,0,0,0,0,0,0,0,0,0,0,0,0,0,0,0,1,0,0,0,0,0,0,3,2,0,0,0,0,0,0,0,0,0,0,0,0,0,0,0,0,0,0,0,0,0,0,0,0,0,0,0,0,0,0,0,0,0,0,0,0,0,0,0,0,0,0,3,2,0,0,0,0,0,0,0,0,0,0,0,0,0,0,0,0,113,42,2,0,0,0,0,52,0,0,0,0,0,0,0,36,65,0,0,0,0,0,0,0,0,0,4,3,8,8,0,0,0,0,0,10,5,0,0,0,0,0,0,0,0,0,0,0,0,0,0,0,0,0,0,0,0,0,0,0,7,9,3,0,0,0,0,0,0,0,0,0,0,0,0,0,0,7
Node: 165,ap,0,0,0,0,11,48,3,0,0,0,5,11,12,9,30,51,24,0,0,0,1,25,5,4,11,12,11,19,7,4,0,0,48,13,15,4,1,1,0,0,0,2,6,2,0,0,0,0,0,2,0,2,3,4,11,0,1,1,1,0,8,0,1,0,1,1,11,40,98,22,4,3,5,10,11,21,9,15,11,4,10,0,1,2,6,6,3,5,3,3,37,14,7,4,7,3,0,0,29,5,0,0,3,10,11,0,0,12,2,0,0,0,0,28,60,2,0,0,1,2,10,5,4,0,0,0,0,0,1,4,3,0,0,0,6,5,5,6,6,0,2,85,176,10,9,9,144,4,0,0,0,0,5,5,4,2,1,0,2,32,17,9,11,9,2,0,0,4,5,0,0,2,7,11,4,28,9,0,13,10,9,9,9,2,28,58,3,37,49,3,1,4,20,13,3,0,2,6,0,5,2,12,12,6,0,3,5,0,11,107,48,2,5,13,8,9,16,21,23,17,3,1,1
Node: 166,ap,0,0,0,0,0,0,0,0,0,0,0,0,28,7,0,0,3,2,7,4,0,0,0,0,6,1,0,0,0,0,0,0,1,8,0,0,0,0,0,0,0,0,6,5,10,9,5,0,0,2,13,8,22,31,0,0,0,18,6,5,5,8,7,4,0,0,1,0,1,0,0,0,0,2,34,16,21,42,9,3,0,0,0,0,13,15,3,0,2,9,6,1,0,0,0,0,0,0,0,0,0,0,1,4,0,0,0,0,5,4,0,4,10,9,7,6,8,7,9,9,0,0,0,1,9,5,8,4,0,0,0,0,0,0,0,0,1,3,0,0,0,0,3,0,0,0,1,0,0,3,22,19,12,9,5,3,4,0,0,7,0,0,0,10,78,8,12,183,484,8,3,4,12,12,88,58,0,44,316,35,0,0,0,0,78,53,0,0,0,0,0,0,0,0,5,4,0,0,0,9,7,10,2,8,9,16,16,10,0,1,0,0,0,0,0,29,29,130,30,178,94,32,0
Node: 167,ap,3,1,0,0,0,0,0,6,29,0,0,0,0,0,0,9,15,0,0,9,9,0,3,71,6,171,41,0,0,0,0,0,6,98,2,8,7,10,5,0,0,0,0,0,0,0,0,0,0,0,0,0,4,4,0,0,9,0,0,0,2,15,0,6,10,10,1,70,9,0,0,13,2,0,90,186,0,0,4,3,0,0,5,9,0,194,123,10,3,13,1,0,0,0,0,15,42,0,0,0,0,0,0,3,7,73,54,0,0,0,0,2,31,10,6,9,9,9,9,10,6,6,26,4,0,123,25,0,0,0,0,2,6,0,0,0,0,14,53,28,71,15,8,297,8,0,0,0,0,0,0,0,0,0,0,41,74,0,0,0,0,0,0,0,0,0,3,53,5,11,63,8,9,8,9,3,26,3,0,22,63,67,78,9,1,5,7,0,11,109,120,74,314,165,129,15,135,9,0,0,0,27,189,37,23,0,0,0,0,0,0,0,0,0,0,0,0,0,0,0,25,18,199
Node: 160,ap,0,0,0,3,1,0,0,0,0,0,1,2,0,0,0,0,0,0,0,0,0,0,4,6,0,0,0,0,0,0,0,0,0,0,0,0,6,6,5,0,4,1,0,0,2,3,5,0,0,0,0,0,4,11,18,9,10,3,0,0,3,1,0,1,0,0,0,0,0,0,0,0,0,0,0,0,0,0,0,0,0,0,1,0,0,0,0,4,6,8,0,0,0,0,1,1,0,0,0,0,0,0,0,0,0,0,0,6,2,0,0,0,3,1,0,0,0,0,1,0,0,0,0,0,0,0,0,0,0,0,0,2,1,0,0,0,0,0,1,3,0,0,0,0,0,0,0,0,0,0,0,0,0,0,20,0,44,59,0,0,0,0,1,0,0,0,0,0,0,0,0,0,0,0,0,65,70,119,0,0,0,0,0,0,0,0,0,0,0,0,0,0,0,0,0,0,10,7,0,0,0,5,0,0,0,0,0,0,0,0,0,0,0,0,0,0,0,0,0,1,0,0,0
Node: 161,ap,0,10,20,0,26,31,6,182,17,6,0,0,0,0,3,30,1,0,13,220,0,0,0,0,0,0,0,0,0,208,7,5,0,1,8,93,66,8,0,11,190,105,0,0,0,0,0,0,0,0,0,0,0,0,0,1,3,4,0,0,254,59,3,4,3,0,0,0,12,14,14,21,79,0,0,0,0,0,0,0,0,0,0,0,0,0,0,0,0,0,138,50,0,80,70,4,10,0,0,0,0,0,13,11,43,21,0,7,0,0,0,0,54,29,0,0,11,25,0,5,1,0,0,9,11,9,0,0,0,0,60,17,0,0,0,0,0,0,15,13,0,0,0,3,2,1,6,0,0,1,17,8,2,0,0,0,0,0,0,1,37,30,148,6,1,0,0,0,0,0,0,0,0,0,0,0,2,1,0,0,0,2,7,36,50,23,48,5,0,0,0,0,0,0,0,0,5,17,25,98,50,77,0,4,0,0,0,0,0,0,0,0,0,0,50,63,11,0,0,100,24,0,4
Node: 162,ap,0,0,0,0,0,0,0,4,4,7,26,198,3,67,58,13,0,0,0,5,4,7,0,4,8,7,58,154,9,0,27,37,34,32,0,0,17,40,4,41,18,0,0,0,0,0,0,0,8,15,3,11,15,3,0,3,25,10,2,4,10,20,5,0,0,0,0,0,0,0,0,9,15,8,6,0,0,0,0,0,190,171,52,0,0,0,0,8,13,7,2,0,3,8,2,0,0,0,12,6,0,0,0,6,0,24,28,13,26,0,6,105,161,5,0,0,0,12,153,4,3,4,0,0,0,0,1,9,10,6,8,105,40,0,0,4,22,0,0,0,0,0,25,51,14,62,5,19,56,15,16,0,0,13,82,101,37,45,24,0,7,1,41,103,0,0,4,9,15,10,0,22,36,37,27,29,22,18,23,18,12,79,11,0,0,0,0,3,17,36,93,70,9,12,51,29,33,160,148,4,19,33,16,83,5,24,72,164,116,77,15,15,19,99,97,0,0,5,39,8,0,0,0
Node: 163,ap,0,0,0,0,0,0,0,0,0,0,0,0,0,0,0,0,0,16,1,0,3,3,8,0,0,0,0,0,0,0,0,0,0,0,0,0,0,0,0,0,0,0,0,0,0,0,0,0,0,0,0,0,0,0,0,0,0,0,0,4,3,0,0,0,0,0,0,0,4,6,0,0,0,0,0,6,1,1,5,0,0,0,0,0,0,0,0,0,0,0,0,9,6,0,52,84,0,0,0,62,72,0,0,0,0,0,0,0,0,0,0,0,0,0,0,0,0,0,3,3,24,10,31,0,55,38,0,0,0,0,0,0,0,0,21,20,0,37,15,0,0,0,0,0,0,0,0,0,0,0,0,0,0,0,0,0,0,0,5,39,5,0,0,0,0,0,0,0,0,0,0,0,0,0,0,0,0,0,0,0,7,7,0,0,0,0,0,6,8,0,0,0,0,0,0,0,0,0,0,21,118,126,5,48,24,0,0,0,76,36,0,0,0,0,0,0,5,3,0,0,0,0,0
Node: 220,ap,0,0,0,0,0,0,0,0,0,1,1,0,5,3,1,0,3,7,1,0,0,0,0,0,2,7,13,14,34,4,0,0,0,0,3,3,0,0,5,1,1,3,1,0,0,1,9,4,5,0,1,0,1,6,1,0,1,5,0,6,1,1,0,0,0,0,2,1,0,38,194,0,0,1,0,1,5,2,7,0,1,0,4,0,1,0,1,0,0,0,1,120,18,5,2,1,1,3,1,1,1,0,0,0,0,94,146,0,1,10,5,0,0,0,0,1,3,4,0,0,1,1,0,0,0,0,1,5,0,0,2,1,0,0,0,9,3,15,0,2,0,0,1,0,3,7,2,0,1,0,1,1,5,8,1,1,0,5,0,8,2,0,12,11,1,0,4,2,0,0,1,1,3,5,4,7,3,1,2,15,9,4,0,1,0,1,6,1,1,9,90,81,0,61,118,17,9,15,73,26,10,10,101,77,76,7,5,7,10,11,8,13,9,10,10,10,10,78,222,19,0,3,3
Node: 230,ap,0,1,0,0,0,0,0,0,0,0,0,9,0,2,0,0,1,0,0,0,0,1,0,0,0,0,0,5,8,11,1,0,0,0,0,6,3,9,4,0,0,0,5,3,0,0,0,0,0,0,1,3,0,0,0,0,0,0,3,14,11,8,0,0,0,0,0,0,0,0,0,0,0,0,0,2,0,1,0,0,0,0,0,0,1,1,0,1,2,0,0,0,0,0,0,3,4,0,0,5,5,1,10,9,9,3,0,0,0,0,0,0,0,0,0,5,4,0,0,0,0,0,0,0,1,1,2,0,7,3,0,0,1,0,5,10,9,9,9,9,7,9,10,9,0,0,0,12,0,22,33,11,2,0,0,1,0,20,249,47,0,0,0,0,0,0,0,0,0,4,1,0,0,0,0,1,0,3,0,0,0,0,0,0,0,0,0,0,2,0,0,0,0,0,0,0,0,0,0,0,0,0,0,0,0,6,3,0,0,0,1,1,0,0,2,1,0,0,0,1,1,0,0
Node: 218,ap,0,0,0,0,0,0,0,0,0,0,0,0,0,0,168,83,0,0,0,0,0,0,0,0,0,0,0,0,6,3,26,5,0,32,23,0,0,0,0,16,13,7,0,0,0,0,6,8,86,109,13,3,5,0,1,8,9,9,15,14,15,19,18,17,10,17,20,149,154,71,0,29,122,1,0,0,0,0,80,10,0,0,0,6,11,18,2,14,31,44,4,0,7,18,0,4,9,10,8,9,10,9,10,116,141,9,10,5,17,87,127,20,50,4,8,0,0,0,3,0,0,0,0,0,0,0,0,0,0,0,5,235,199,1,0,0,0,91,43,0,0,0,18,35,6,43,26,0,0,0,0,0,0,0,2,8,0,0,0,8,1,0,0,0,0,0,0,0,0,0,0,0,0,0,0,0,0,0,0,6,25,0,0,0,0,0,0,0,0,0,0,0,0,0,0,0,0,0,0,0,0,0,0,0,0,9,5,0,0,7,8,1,0,0,0,0,32,30,0,1,1,0,0
Node: 212,ap,0,0,0,0,0,0,0,0,0,0,0,0,0,0,1,2,0,0,8,5,4,0,0,0,0,0,0,0,0,0,0,0,1,6,4,0,0,0,0,0,0,0,158,280,25,285,0,0,0,0,0,0,0,9,18,1,0,0,4,22,150,18,0,0,5,8,14,0,0,0,0,0,23,20,3,25,26,0,0,7,5,0,0,5,2,0,0,0,0,0,0,0,0,0,0,0,0,0,0,0,0,0,0,6,10,0,0,0,0,0,0,0,0,0,0,8,9,28,20,10,22,29,9,9,17,5,0,0,0,0,0,14,12,2,3,8,0,0,1,35,9,15,7,0,0,0,0,0,0,0,0,0,0,0,0,2,114,8,2,0,0,0,0,0,1,9,6,0,0,0,0,0,0,0,0,0,0,0,0,0,0,0,0,0,0,14,120,0,14,3,0,0,32,13,0,0,0,3,8,3,27,0,0,0,0,0,6,9,8,2,0,0,0,0,0,0,0,0,69,4,22,0,0
Node: 236,ap,0,0,0,0,0,0,1,0,0,0,0,1,0,2,12,3,4,3,4,1,0,2,5,6,0,2,0,57,57,4,9,17,16,9,7,11,50,41,8,11,26,26,9,2,0,0,0,1,0,0,0,26,23,3,0,2,2,0,19,49,2,0,0,0,0,6,2,0,0,4,3,1,0,0,0,0,0,0,1,2,0,24,26,20,10,56,16,9,43,29,4,3,0,0,0,0,1,2,0,1,3,1,0,20,18,26,23,23,3,0,0,0,0,0,0,0,2,3,1,0,8,18,15,0,0,1,0,0,3,1,47,13,0,0,2,11,4,2,0,1,0,0,0,5,5,5,4,7,1,0,0,1,5,1,14,1,1,4,29,109,1,5,1,5,3,0,6,15,5,1,0,0,0,0,0,3,0,10,5,3,1,0,46,55,0,3,3,3,0,0,0,0,0,0,0,0,0,0,1,0,3,6,7,4,2,0,0,60,63,2,11,24,1,87,18,2,3,4,0,10,19,14
Node: 232,ap,0,0,0,0,0,0,0,0,1,0,0,1,2,0,6,5,3,3,6,1,0,22,23,35,244,8,74,126,47,29,0,0,0,0,0,0,0,96,123,49,19,50,27,15,22,10,13,38,65,47,7,1,0,16,14,9,12,18,12,9,15,20,13,9,21,43,25,9,7,9,11,65,10,8,133,62,0,8,8,6,0,7,7,9,139,176,0,0,4,4,0,0,3,9,8,14,8,23,40,28,16,19,15,4,32,33,9,18,40,11,6,6,0,0,0,258,181,8,11,18,17,26,16,17,19,41,25,18,21,26,18,7,7,9,34,30,0,5,13,16,16,0,0,0,0,0,0,0,0,0,3,8,9,10,27,10,25,8,6,14,28,12,3,0,1,0,2,7,0,0,5,18,41,35,34,23,18,9,37,43,16,29,32,14,5,2,3,4,30,0,0,1,4,0,0,0,0,0,2,29,1,0,0,0,0,1,0,0,0,0,1,2,0,0,70,50,11,8,4,0,2,11,9
Node: 233,ap,0,0,0,0,0,0,0,0,0,0,2,6,187,29,0,0,0,0,0,0,0,0,0,0,0,0,0,0,0,0,164,9,0,3,3,0,0,0,0,0,0,30,3,0,0,0,0,0,0,0,0,0,0,0,0,0,0,12,9,0,0,0,8,36,108,6,13,4,0,0,0,0,0,0,68,28,0,0,1,31,6,0,0,0,0,0,0,1,7,6,0,0,0,0,0,174,214,9,9,2,0,0,58,23,0,0,0,16,73,1,2,0,0,0,0,0,0,0,0,0,4,6,0,0,0,0,0,0,0,0,0,18,28,11,9,9,5,6,16,0,0,0,0,0,9,0,66,241,11,0,0,10,95,0,0,0,1,0,0,0,0,41,91,0,0,0,0,0,0,310,37,0,7,42,21,12,0,0,0,0,0,0,0,15,17,7,8,8,0,0,0,1,4,0,0,0,0,0,0,0,0,0,20,8,0,495,61,0,0,0,0,0,0,16,53,3,2,0,0,25,110,4,0
Node: 235,ap,1,5,6,2,69,50,7,7,28,91,40,12,1,0,0,0,1,26,33,0,0,0,0,0,26,62,8,9,3,12,26,52,11,4,40,67,11,0,0,8,0,6,23,0,18,8,93,224,1,0,0,9,13,28,38,3,0,9,9,8,35,38,1,1,19,3,0,0,1,7,0,0,6,21,12,0,6,8,6,15,21,2,27,0,0,1,29,26,0,0,1,1,0,0,0,0,94,150,0,106,158,145,28,5,0,0,0,8,25,14,7,62,39,20,43,21,14,19,5,53,96,146,99,44,155,41,42,0,0,0,3,4,24,16,10,10,9,14,47,18,15,17,2,178,2,0,67,1,0,0,0,0,0,8,12,48,2,0,0,1,0,6,4,0,0,0,0,0,2,1,0,0,0,0,0,0,0,0,0,1,0,0,43,10,14,91,91,9,24,41,25,10,0,2,39,35,0,2,7,0,15,18,15,4,0,0,9,3,0,39,0,22,110,1,0,0,52,93,8,37,70,11
Node: 237,ap,0,0,0,0,0,0,13,4,0,0,0,0,0,0,0,0,1,6,3,0,0,0,0,0,0,0,0,0,0,0,1,3,23,13,5,0,0,0,0,0,0,2,19,13,8,6,14,1,0,4,3,0,2,14,0,11,27,0,0,0,0,7,87,127,0,0,0,0,0,4,39,62,7,0,0,0,0,100,85,0,0,0,0,0,0,0,0,0,0,28,116,0,0,14,11,1,0,0,5,4,1,0,0,0,26,119,0,0,0,13,15,8,6,33,0,0,0,31,114,10,4,0,0,0,0,0,13,40,0,0,0,0,0,0,0,0,20,44,1,0,0,10,37,0,36,19,0,0,0,0,0,0,0,0,0,0,0,0,0,0,0,0,0,32,188,4,0,0,0,8,8,0,0,4,133,18,0,0,0,0,0,8,3,0,4,5,0,7,11,68,214,2,5,6,0,7,5,0,6,9,2,0,0,4,5,0,0,0,0,0,42,0,1,0,0,1,8,7,0,0,0,0
