Node: 51,ap,0,0,0,0,0,0,0,0,0,0,0,0,0,0,0,0,0,0,0,0,0,0,1,2,2,0,0,5,0,0,0,0,0,0,0,0,0,0,0,0,0,0,0,0,0,0,4,10,3,5,7,10,10,8,6,10,10,9,9,10,9,10,10,9,9,0,0,0,0,0,0,0,0,0,0,0,0,0,0,0,0,0,0,0,0,0,0,0,0,0,0,0,0,0,0,0,0,0,0,0,0,0,0,0,0,0,0,0,0,0,0,0,0,0,0,0,0,0,0,0,0,0,0,0,0,0,0,0,0,0,0,0,0,0,0,0,0,0,0,0,0,0,0,0,0,0,0,0,0,0,0,0,0,0,0,0,0,0,0,0,0,0,0,0,6,8,0,0,9,8,0,0,0,0,0,0,0,6,10,10,10,0,0,0,0,0,0,0,0,0,0,0,0,0,0,0,0,0,0,0,3,8,0,0,0,0,0,0,0,0,0,0,0,0,0,0,7,10,8,8,6,0,0,3,10,9,10,10,10,10,10,10,10,10,10,8,1,10,10,4,0,0,0,0,0,0,0,0,0,0,0,0,0,0,0,0,0,0,0,0,0,0,0,0,0,0,9,10,10,10,10,6,0,0,7,9,10,10,4,0,0,0,0,0,0,0,0,0,7,10,1,0,1,10,10,2,11,24,20,8,0,0,0,0,0,0,0,0,0,0,0,0,0,0,0,6,10,10,10,10,10,10,10,10,10,10,10,2,0,0,9,10,3,0,2,10,10,0,0,0,0,0,0,0,0,0,0,0,0,0,30,0,0,0,0,0,0,0,0,0,0,0,0,0,0,0,0,0,0,0,0,0,0,0,0,0,0,0,0,0,0,2,10,10,7,0,0,0,0,0,0,0,0,0,0,0,0,0,0,0,0,0,0,0,0,0,0,0,0,0,0,0,0,0,0,0,0,0,0,0,0,0,0,0,0,0,0,0,0,0,0,0,0,0,0,0,0,2,10,10,10,0,0,0,0,0,0,0,0,0,0,0,5,5,0,0,0,0,0,0,8,10,10,10,5,0,0,0,0,3,7,0,0,0,0,0,0,0,0,0,0,0,0,0,0,0,0,0,2,10,10,10,10,0,0,0,4,10,2,0,0,0,0,0,0,0,0,0,0,0,0,0,0,0,4,10,10,10,8,0,0,0,0,0,0,0,0,0,0,0,0,0,0,0,0,0,0,0,0,0,10,0,0,0,0,0,0,0,0,0,0,0,0,0,0,0,0,0,0,0,0,0,0,0,0,0,0,0,0,0,0,0,0,0,0,0,0,0,0,0,0,0,4,10,0,0,0,0,0,0,0,0,0,0,0,5,7,0,0
Node: 56,ap,0,0,0,0,0,0,0,0,0,0,0,0,2,3,1,7,0,0,0,0,0,0,0,0,0,0,0,0,0,0,0,0,0,0,16,8,0,0,0,0,0,0,4,22,0,0,0,0,0,0,0,0,0,0,0,2,9,10,7,4,3,7,3,8,3,0,0,0,0,0,0,0,0,6,10,10,2,0,0,0,0,14,16,17,5,0,0,0,0,0,0,3,10,10,10,10,10,10,10,10,10,2,0,0,0,0,0,0,0,0,0,0,0,0,0,10,10,10,4,0,0,0,7,10,10,10,7,0,0,0,0,0,0,0,0,0,0,0,0,0,0,0,0,0,0,0,0,0,0,0,0,0,0,0,0,0,0,0,0,0,0,0,0,21,16,10,5,0,0,10,10,1,0,0,0,0,0,0,0,0,0,0,0,10,17,0,0,0,0,0,0,0,0,0,0,0,0,0,0,0,0,0,10,10,10,9,10,0,0,0,0,0,0,0,0,0,0,0,0,0,0,0,0,0,0,0,0,0,0,0,0,0,0,0,0,0,0,0,7,10,10,10,10,10,10,10,14,12,10,10,9,0,0,9,10,6,0,0,0,0,0,0,0,0,0,0,0,0,0,0,0,0,0,0,0,0,0,10,10,10,5,0,0,0,0,0,0,0,0,0,0,0,0,0,0,0,0,0,0,0,0,0,0,0,0,0,0,0,0,0,0,0,0,0,3,10,10,10,13,20,20,20,18,20,20,20,20,20,34,251,10,10,10,17,14,12,18,53,60,21,10,34,54,33,0,14,53,0,0,0,0,0,0,0,0,0,0,0,0,0,0,0,0,0,0,0,3,10,10,9,0,0,0,0,0,0,0,0,0,0,0,0,0,0,0,0,0,3,21,17,10,10,41,287,10,10,10,289,31,0,0,0,0,0,0,0,0,0,0,0,0,0,0,0,0,0,0,6,10,10,19,20,19,10,8,0,6,24,0,2,10,10,10,10,10,10,6,0,0,0,0,0,0,7,10,10,10,10,10,10,10,10,9,0,0,0,0,0,0,0,0,340,10,10,10,10,10,10,10,10,10,10,10,10,20,20,20,12,1,0,0,0,7,3,0,0,0,0,2,10,18,46,3,0,0,0,0,0,0,6,8,0,0,0,0,0,0,0,0,0,0,0,0,0,0,0,0,8,10,10,18,43,30,10,10,10,10,10,10,10,5,10,10,10,10,10,10,0,0,0,0,0,0,0,0,7,6,0,0,0,0,0,0,0,0,0,0,0,0,0,0,0,0,0,0,0,0,3,15,0,0,0,0,0,0,0,0,0,0,10,18,30,25,15,0,0,0,0,0,5,10,10,10,10,17,8,0,0,0
Node: 59,ap,0,0,0,0,0,0,0,0,0,0,0,0,0,0,0,0,0,0,0,0,0,0,0,0,0,0,0,0,0,0,0,0,0,0,0,0,0,0,0,0,0,0,0,0,0,0,0,0,0,0,0,0,0,0,0,0,0,0,0,0,0,0,0,0,0,0,0,0,1,4,4,3,0,0,0,0,0,0,0,0,0,5,7,4,2,0,0,0,0,0,0,0,0,0,0,0,0,0,0,0,0,0,0,0,0,0,0,0,2,2,0,0,0,0,0,0,0,0,0,0,0,0,0,0,0,0,0,0,0,0,0,0,0,0,0,0,0,0,0,5,10,11,5,7,8,12,8,0,0,14,15,5,0,0,0,0,0,0,0,0,0,0,0,0,0,0,0,0,0,0,0,0,0,0,0,0,0,0,0,0,0,2,10,10,10,3,0,0,0,0,0,0,0,0,0,0,0,0,0,0,0,0,0,0,0,0,0,0,0,0,0,0,0,0,0,7,9,9,6,0,0,0,0,0,0,0,0,0,0,0,0,0,0,0,0,0,0,0,0,0,0,0,0,0,0,2,10,10,9,6,0,0,0,0,0,0,0,0,4,10,10,2,0,0,2,10,10,14,10,20,7,0,0,0,3,10,10,7,0,0,0,0,0,0,0,0,0,0,0,0,0,0,0,0,0,0,0,0,0,0,0,0,0,0,0,0,0,0,0,0,0,0,0,7,10,10,10,9,0,0,0,0,0,0,0,0,0,0,0,0,0,0,0,0,0,0,0,0,0,0,0,0,0,0,0,0,0,0,0,0,0,0,0,0,0,0,0,0,0,0,0,0,0,3,10,10,10,10,10,10,3,0,0,0,0,0,0,0,0,0,0,0,0,0,0,0,0,0,0,0,0,0,0,0,0,0,0,9,10,10,2,0,0,0,0,0,0,0,0,0,0,0,0,0,135,36,10,10,10,6,0,0,0,2,10,2,0,0,0,0,0,0,0,0,0,0,1,10,10,10,10,10,2,0,0,0,0,0,6,4,0,0,0,0,0,0,0,0,0,0,0,0,0,0,0,0,0,0,0,1,10,10,10,11,20,20,13,10,10,10,10,2,0,0,0,0,0,0,0,0,0,0,0,0,0,0,0,0,0,0,0,0,0,0,0,0,0,0,0,0,0,0,0,0,10,10,10,10,10,10,10,9,0,0,0,0,0,0,0,0,0,0,0,0,0,0,0,0,0,0,0,0,0,0,0,0,0,0,0,0,0,0,0,0,0,0,0,9,10,10,10,2,0,0,0,0,0,0,0,0,0,0,0,0,0,0,4,10,8,0,0,0,0,0,0,0,0,0,0,7,10,10,1,0,0,0,0,0,0
Node: 58,ap,0,0,2,6,7,4,6,9,5,5,6,9,10,7,7,10,6,9,10,9,8,7,10,9,9,10,9,8,9,9,9,10,9,9,10,9,8,9,8,10,8,10,9,10,10,10,10,10,10,10,10,10,10,10,9,9,10,10,10,10,10,10,10,10,10,10,10,10,10,10,10,10,10,10,10,10,10,10,10,10,9,10,10,10,10,11,10,16,15,10,14,17,13,10,10,10,10,10,10,10,10,10,10,10,10,10,10,10,10,10,10,10,10,10,10,10,10,10,10,10,16,15,11,10,10,10,10,10,10,10,10,10,10,10,10,10,10,10,10,10,9,10,10,10,10,10,10,10,10,10,10,16,17,80,301,15,10,10,10,10,10,10,10,10,10,10,10,10,10,10,10,10,10,10,10,10,10,10,10,10,10,10,10,10,10,10,10,10,10,10,10,10,10,10,10,11,20,12,10,10,10,10,10,10,10,10,10,10,10,10,10,10,10,10,10,10,10,10,10,10,10,10,10,10,12,18,16,20,18,10,10,10,10,10,10,10,10,10,10,10,10,10,10,10,10,10,10,10,10,10,10,10,10,10,10,10,10,10,10,10,10,10,10,10,10,10,10,10,10,14,17,20,13,10,10,10,10,10,10,10,10,10,10,10,10,10,19,10,10,10,10,10,10,10,10,10,10,10,10,10,10,10,10,10,10,10,10,10,10,10,10,10,10,10,10,10,10,10,10,10,17,12,10,11,20,20,17,10,13,17,10,10,10,10,10,10,10,10,10,17,20,19,17,10,10,10,10,10,10,10,9,9,10,10,10,10,10,10,10,15,20,18,20,20,19,20,20,13,10,10,10,10,10,10,14,122,257,10,10,10,10,10,10,10,10,10,15,20,19,10,10,10,10,10,10,10,10,10,10,10,10,10,10,10,10,15,20,20,20,20,20,15,10,10,28,12,10,10,10,10,10,10,10,10,10,10,16,28,19,10,10,10,10,10,10,10,10,10,10,10,10,10,10,10,10,10,10,10,10,17,20,13,10,10,10,10,10,10,10,10,10,10,10,10,10,10,10,10,10,10,10,10,10,10,10,10,10,10,10,10,10,10,10,10,10,10,10,10,10,10,10,10,10,10,10,10,10,10,10,10,10,10,10,10,10,10,10,10,10,10,10,11,20,20,20,16,10,10,10,10,10,10,10,11,20,19,20,20,16,20,20,20,20,20,22,24,20,10,10,10,10,10,10,10,10,10,10,10,10,10,10,10,10,10,10,10,10,10,10,19,11,10,10,10,10,10,10,10,10,10,10,10,10,10,10,10,10,10,10,10,10,10,10,10,10,10,10,10,10,10,10,10,10,18,12,10,10,10,10
Node: 48,ap,0,0,0,0,0,0,0,0,0,0,0,0,0,0,0,0,0,0,0,0,0,0,0,0,0,0,0,0,0,0,0,0,0,0,0,0,0,0,0,0,0,0,0,0,0,0,1,0,0,0,0,5,8,10,6,12,12,10,2,0,0,0,0,0,0,0,0,0,0,0,0,0,0,0,0,0,0,0,0,0,0,0,0,0,0,0,0,0,0,0,0,0,0,0,0,4,7,2,0,5,8,1,12,13,18,12,0,0,0,0,0,0,0,0,0,0,0,0,0,0,0,0,0,0,0,0,0,0,0,0,0,0,0,0,0,0,0,0,0,0,0,5,8,9,4,7,9,3,0,0,0,0,0,0,0,0,0,0,0,1,9,10,6,0,0,0,0,0,6,9,10,10,10,10,10,10,10,5,0,0,0,0,0,0,0,0,0,0,0,0,0,0,0,0,0,0,0,0,0,0,0,0,0,0,0,0,0,0,0,16,4,0,0,10,10,10,11,16,10,7,0,0,2,10,19,19,148,118,5,0,0,0,0,0,0,0,0,0,0,0,0,0,0,0,0,0,0,133,199,0,0,0,0,0,0,0,5,10,10,10,1,0,0,0,0,0,0,0,0,0,0,0,0,0,0,0,0,0,6,10,10,10,10,19,20,20,12,0,0,0,0,0,0,0,0,0,4,10,10,6,0,0,0,0,0,0,0,0,0,0,0,0,0,0,0,0,0,0,0,0,7,10,4,0,0,0,0,0,0,0,0,0,0,0,0,0,0,0,0,0,0,0,0,0,0,0,0,0,0,0,9,10,10,10,10,7,0,0,0,0,0,0,0,0,0,0,0,0,0,0,0,0,0,0,7,10,12,20,10,15,20,16,10,10,9,0,0,0,0,0,0,0,0,0,0,0,0,0,0,6,10,10,10,10,10,6,0,0,0,0,0,0,0,0,0,0,0,0,0,0,0,0,0,0,0,0,0,0,6,10,10,11,10,10,1,0,0,0,0,0,0,0,0,0,0,0,0,0,0,0,0,0,0,0,0,0,0,0,10,10,10,7,0,0,0,0,0,0,9,10,9,10,10,10,2,0,0,0,0,0,0,0,0,0,0,0,0,0,0,0,0,8,10,10,16,20,20,20,17,3,0,0,10,10,10,10,5,0,0,0,0,0,0,0,0,0,3,10,10,6,0,0,0,0,0,0,0,0,0,0,0,0,0,0,0,0,0,0,0,0,0,0,0,0,0,0,0,0,0,10,10,5,10,10,0,0,0,0,0,0,0,0,0,202,140,0,0,0,0,0,0,0,0,0,0,0,0,0,0,0,0,0,0,1,10,10,10,3,0,0,0,0,0,0,5,10,6,0,0
Node: 49,ap,0,0,0,0,0,0,0,0,0,0,2,2,5,2,12,11,9,10,7,14,17,10,1,0,0,0,0,0,0,0,0,0,0,0,0,0,0,0,0,0,0,0,0,0,0,0,0,0,1,8,14,16,8,6,9,1,0,0,0,0,0,0,0,0,0,5,10,10,10,10,2,0,0,0,0,0,0,0,0,0,0,0,0,0,8,10,10,10,0,0,0,0,0,0,0,0,0,0,0,0,0,0,0,0,0,0,0,0,0,0,0,0,0,0,0,0,0,0,0,0,0,0,0,0,0,0,0,0,0,0,0,0,0,0,0,0,0,0,0,0,0,0,0,0,0,0,0,0,0,0,0,0,0,0,0,0,0,0,0,0,0,0,0,0,0,0,0,0,0,0,0,0,0,0,0,0,0,0,0,0,0,0,0,0,0,0,0,0,0,0,0,0,0,0,0,0,0,0,0,0,0,1,10,10,10,14,19,10,4,0,0,0,0,0,0,0,0,0,0,0,0,0,0,0,0,0,0,3,10,10,10,10,10,7,4,17,10,10,10,2,0,0,0,0,6,10,10,3,0,0,0,0,0,9,10,6,0,0,0,0,0,0,0,0,0,0,0,0,0,0,0,0,0,0,0,0,0,0,0,0,0,0,0,0,0,0,0,0,0,0,0,0,0,0,0,0,0,0,0,0,0,0,0,0,8,10,6,0,0,0,0,0,0,0,0,0,0,0,0,0,0,0,0,0,0,0,0,0,0,0,0,0,0,0,0,0,0,0,6,10,10,10,10,8,0,0,0,0,10,10,10,4,0,0,0,0,0,0,0,0,0,6,10,10,2,0,0,0,0,0,0,0,0,0,0,0,0,0,0,0,0,0,0,0,0,10,1,1,10,10,10,10,10,7,10,10,10,10,10,10,4,0,0,0,0,0,0,0,0,0,0,0,0,0,0,0,0,0,0,0,0,0,0,0,0,0,0,0,0,0,0,0,0,0,0,0,0,0,0,0,0,0,0,0,1,10,10,10,3,0,0,0,0,0,0,0,0,0,0,0,0,0,0,0,0,0,0,5,10,10,10,10,6,0,10,20,20,20,17,7,0,0,0,0,0,0,0,0,0,0,0,0,0,0,3,10,0,0,0,0,0,0,0,0,0,0,0,0,0,0,0,0,0,0,0,0,0,0,10,1,0,0,0,0,0,0,0,0,0,0,0,0,0,0,0,0,0,0,0,0,0,0,8,10,5,0,0,0,0,0,0,0,0,0,0,0,0,0,0,0,0,0,0,0,0,0,0,0,0,0,0,0,0,0,0,0,0,0,0,0,20,20,10,10,10,10,8,0,0,0,0,0,0,0,3,10,9,0,0
Node: 46,ap,0,0,0,0,0,0,0,0,0,0,0,0,0,0,0,0,0,0,0,0,0,0,0,0,0,0,0,0,0,0,0,0,0,0,0,0,0,0,0,0,0,0,0,0,0,4,8,1,0,0,0,0,0,0,0,0,0,0,0,0,0,0,0,0,0,0,0,0,0,0,0,0,0,0,0,0,0,0,0,0,0,0,0,0,0,0,0,0,0,0,0,0,0,0,0,0,0,0,0,0,0,0,0,0,0,0,0,0,0,0,0,0,0,0,0,0,0,0,0,0,0,8,10,7,0,0,0,0,4,10,9,1,0,0,0,0,3,9,10,4,0,0,0,0,0,0,0,0,0,0,0,8,10,2,0,0,0,0,0,0,0,0,0,0,0,0,0,0,0,0,0,0,0,0,0,0,0,0,0,0,0,0,0,0,0,0,0,0,0,0,0,0,4,20,18,20,28,17,15,10,4,6,0,0,0,0,0,0,3,10,14,20,19,19,10,10,9,0,0,0,0,10,10,8,6,10,10,4,0,0,0,0,0,0,0,0,0,0,0,0,0,0,0,0,0,0,0,0,0,0,0,0,0,0,0,0,0,0,0,0,0,0,0,0,0,0,0,0,9,10,10,5,0,0,0,0,0,0,0,0,0,0,0,0,0,0,0,0,0,0,0,0,0,0,0,0,0,0,0,0,0,0,0,0,0,0,0,0,0,0,0,0,0,0,0,0,0,0,0,0,0,0,0,0,0,0,0,0,0,0,0,0,0,0,0,0,0,0,0,0,0,0,0,0,0,0,0,0,0,0,0,0,0,0,0,0,0,0,4,10,10,4,0,0,0,0,3,10,10,2,0,0,4,10,10,8,0,0,0,0,0,0,0,2,10,10,10,2,0,0,0,0,0,0,0,0,0,0,0,0,0,0,0,0,0,0,0,0,4,10,10,10,5,0,0,7,9,0,0,1,10,10,10,12,20,20,14,10,10,10,10,10,10,10,10,0,0,0,0,0,0,0,0,0,0,0,0,0,0,0,0,0,0,0,0,0,0,0,0,0,0,0,0,0,0,0,0,0,0,0,0,0,0,0,0,0,0,0,0,0,0,0,0,0,0,5,10,10,10,10,4,0,0,0,3,10,9,10,10,10,9,0,0,0,0,0,0,0,0,0,0,0,0,0,0,0,0,0,6,10,10,4,0,0,0,0,0,0,0,0,0,0,0,0,0,0,0,7,10,10,10,10,10,10,8,3,10,10,1,0,0,0,0,0,0,0,0,0,0,0,0,0,9,10,10,10,3,0,0,0,0,0,0,0,0,0,0,0,9,10,10,10,10,9,0,1,10,10,2,0,0,0,0,0,0,0,0,0,0
Node: 47,ap,0,0,0,0,0,0,0,0,0,0,0,0,0,0,0,0,0,0,0,0,0,0,0,0,0,0,0,0,0,0,0,0,0,0,0,0,0,0,0,0,0,0,0,0,0,0,0,0,0,0,0,0,0,0,0,0,0,0,0,0,0,2,3,0,3,1,0,0,0,0,0,0,0,0,0,0,0,0,0,0,0,0,0,0,0,0,0,0,0,0,0,0,0,0,0,0,0,0,0,2,4,0,0,0,0,0,0,0,3,4,9,4,2,0,0,0,0,0,7,8,7,8,2,0,0,0,0,0,0,0,0,0,0,0,0,0,0,0,0,0,0,0,0,0,0,0,0,0,1,11,12,8,3,0,0,0,0,0,0,0,0,0,0,0,0,0,0,0,0,0,0,0,0,0,0,0,0,0,0,0,0,0,0,0,0,0,0,0,0,0,0,3,10,10,2,0,0,0,0,0,0,0,0,0,0,0,0,0,0,0,0,0,8,115,131,0,0,9,6,0,8,7,1,0,0,0,0,0,0,0,0,0,0,0,0,0,0,9,10,4,0,0,0,0,0,0,0,0,0,0,0,0,0,0,0,0,0,0,0,0,0,0,0,0,0,0,0,0,0,0,0,0,0,0,0,0,0,0,0,0,0,0,0,0,0,0,0,0,0,0,0,0,0,0,0,0,0,0,0,0,0,0,0,0,0,0,0,0,0,0,0,0,0,0,0,0,0,0,0,0,0,0,0,0,0,0,0,0,0,0,0,0,0,0,0,0,0,0,0,0,0,0,0,0,0,0,0,0,0,0,0,0,0,0,0,0,0,0,0,0,0,0,0,0,0,0,0,0,0,0,0,0,3,8,8,0,0,0,2,10,8,0,0,9,10,5,0,0,0,0,0,0,0,0,0,0,0,0,0,0,0,0,0,0,0,0,0,0,0,0,0,0,0,0,0,0,0,0,0,0,0,0,0,0,0,0,0,0,0,0,0,0,0,0,0,0,0,9,7,0,0,0,0,0,0,0,0,0,0,0,0,0,0,0,0,0,0,0,0,0,0,0,0,0,0,0,0,0,0,0,0,0,0,0,0,9,14,11,6,0,0,0,0,0,0,0,0,0,0,0,0,0,0,0,0,0,0,0,0,0,0,0,0,0,0,0,0,0,0,0,0,0,0,0,0,0,0,0,0,0,0,0,0,0,0,0,0,0,2,10,10,1,0,0,0,0,0,0,0,0,0,0,0,0,0,0,0,0,0,0,0,0,0,0,0,0,0,0,0,0,0,0,0,0,0,0,0,0,0,0,0,0,0,0,0,0,0,0,0,0,15,15,0,0,0,0,0,0,0,0,0,0,0,0,0,0,0,0,0
Node: 44,ap,0,0,0,0,0,0,0,0,0,0,0,0,0,0,0,0,0,0,0,0,0,0,0,0,0,0,0,0,0,0,3,10,10,10,6,8,5,0,0,0,0,0,0,0,0,0,0,0,0,0,0,0,0,0,5,18,106,8,0,0,0,0,0,0,0,0,0,8,10,10,8,9,4,10,10,10,10,10,10,9,10,120,87,10,1,6,14,0,0,3,10,9,10,5,0,0,0,0,0,0,0,0,0,0,0,0,0,0,0,0,0,0,0,0,0,0,0,0,0,0,0,0,0,0,0,0,0,0,0,0,0,0,0,0,0,0,0,0,0,0,0,0,0,0,0,0,0,0,0,0,0,0,0,0,0,0,0,0,0,0,0,0,0,0,0,0,0,0,0,0,0,0,0,0,0,0,9,10,10,10,10,10,10,10,10,10,10,10,10,10,10,10,10,10,10,10,10,10,10,10,78,285,10,10,10,10,10,16,16,30,14,10,10,11,19,10,0,2,20,15,10,3,0,0,0,0,0,0,0,0,0,0,0,0,5,9,10,10,6,0,0,0,0,0,0,0,6,10,10,10,10,10,10,5,0,0,0,0,0,0,4,10,10,6,0,0,0,0,0,0,0,0,0,37,54,17,0,0,4,18,18,10,11,20,20,18,10,10,3,0,0,0,0,0,0,0,0,0,0,0,0,0,5,10,10,4,0,0,1,9,0,0,0,0,0,0,4,10,10,7,10,10,9,10,10,6,0,0,0,0,0,0,0,0,0,0,0,0,0,0,0,0,0,0,0,0,0,7,10,10,261,71,10,10,4,0,0,0,0,0,0,0,0,0,0,0,0,0,5,10,10,8,0,0,0,0,0,0,0,0,0,0,0,0,0,0,0,0,0,0,0,0,0,0,3,15,20,20,18,9,0,217,91,0,0,0,0,0,10,10,10,10,10,10,10,10,10,20,210,150,10,10,10,10,10,10,10,10,10,10,10,10,10,10,10,10,10,10,10,10,10,2,0,0,0,0,0,0,0,0,0,10,42,44,10,0,0,0,0,0,0,0,0,0,0,0,2,10,10,31,51,10,10,10,2,0,0,0,0,0,0,0,0,0,0,0,0,0,0,0,0,0,0,0,0,256,160,0,0,0,0,0,0,9,10,10,10,10,6,0,0,0,0,0,0,0,10,10,9,0,0,0,0,0,0,0,0,0,0,0,0,7,10,10,10,10,5,0,0,0,0,0,0,0,0,0,0,0,0,0,0,10,10,10,8,0,0,0,0,0,0,0,0,0,5,10,10,10,10,10,10,10,3,0,0,0,0,0,2,10,10,8,8,0,0,0,0,0,6,10,10,7,0,0,0,0,0,0,0
Node: 45,ap,0,0,0,0,0,0,0,0,0,3,6,0,0,0,1,8,0,0,0,0,0,0,5,15,0,0,0,0,0,0,0,0,0,0,0,0,0,0,0,0,0,0,0,0,0,0,0,0,0,0,0,0,0,0,0,9,21,0,0,0,0,0,0,0,0,0,0,0,0,0,0,0,0,0,0,0,5,10,7,5,1,8,7,6,0,0,0,0,0,0,0,0,0,0,0,0,0,0,0,0,0,0,0,0,0,0,0,0,0,0,0,0,0,0,0,0,0,0,0,0,0,0,0,0,0,0,0,0,0,0,0,0,1,7,5,1,0,10,9,7,2,0,0,0,0,0,0,0,0,0,0,0,0,0,0,0,0,0,0,0,0,0,0,0,0,0,0,0,0,0,0,0,0,0,0,0,0,0,0,0,0,0,0,0,0,0,0,0,0,0,2,8,10,0,0,0,0,0,0,10,10,8,9,0,0,0,0,0,0,2,3,0,0,10,14,10,8,13,65,7,0,0,0,0,0,0,0,0,0,0,0,0,0,0,0,0,0,0,0,0,0,0,0,0,0,0,0,0,0,0,0,0,0,0,0,0,0,0,0,0,0,0,0,0,0,0,0,0,0,3,10,8,3,96,151,0,0,0,3,10,0,1,4,0,0,0,0,0,0,0,0,0,0,0,0,0,0,0,0,0,0,0,0,0,0,0,0,0,0,0,0,0,0,0,0,0,0,0,0,0,0,0,0,0,0,0,0,0,0,0,0,0,0,0,0,0,0,0,0,0,0,0,0,0,0,0,0,0,0,6,18,20,12,7,0,0,0,0,0,0,0,0,0,0,0,0,0,0,0,0,0,0,0,0,0,0,0,0,0,0,0,0,0,0,0,0,0,0,0,0,0,0,0,0,0,0,0,0,0,7,18,20,20,12,10,6,0,0,0,0,0,9,9,0,0,0,4,9,0,0,0,0,0,0,0,0,0,0,0,0,0,9,1,0,0,1,0,0,0,3,6,0,0,0,0,0,0,0,9,10,10,10,16,16,0,0,0,0,0,0,0,0,0,0,0,0,0,0,0,3,8,0,0,0,0,0,0,0,0,0,0,0,0,0,0,0,0,0,0,0,0,0,0,0,0,0,0,0,0,10,6,0,0,0,0,0,0,0,0,0,0,0,0,0,0,0,17,15,0,0,0,0,0,0,0,0,0,0,0,0,0,0,0,0,0,0,0,0,0,0,0,0,0,0,0,0,0,0,0,0,0,0,0,0,0,0,0,0,0,0,0,0,0,0,0,0,0,0,0,0,0,1,10,10,3,0,0,0,0,0,0,0,0,0,0,0,0,0,0,6,10,4,0,0,0,0,0,0,0
Node: 42,ap,0,0,0,0,0,0,0,0,0,1,0,0,0,0,0,0,0,0,0,0,0,0,0,0,0,0,0,0,0,0,0,0,0,0,0,0,0,0,0,0,0,0,0,0,6,9,3,0,0,0,0,0,0,0,0,0,0,0,0,0,0,0,0,0,0,0,0,0,0,0,0,0,0,0,0,0,0,0,0,0,0,0,0,0,0,0,0,0,0,0,0,0,0,0,0,0,0,0,0,0,0,0,0,0,5,4,2,0,0,0,0,0,0,0,0,0,0,0,0,0,0,0,0,0,5,10,3,0,0,0,0,0,0,0,0,0,0,0,0,0,0,0,0,0,0,0,0,0,0,3,0,0,0,0,0,0,0,0,0,0,0,0,0,0,0,0,0,0,0,0,0,0,0,0,0,0,0,0,0,0,0,0,0,0,0,0,0,0,0,0,0,0,0,0,0,0,0,0,0,0,0,0,0,0,0,0,0,0,0,0,0,0,0,0,0,0,0,0,0,0,0,0,0,0,0,0,0,0,0,0,0,0,0,0,0,0,0,0,0,0,0,0,0,0,0,0,0,4,2,0,0,0,0,0,0,0,0,0,0,0,0,0,0,0,0,0,0,0,0,0,0,0,0,0,0,0,0,0,0,0,3,5,3,0,0,0,0,0,0,0,0,0,0,0,0,0,0,0,0,0,0,0,0,0,0,0,0,0,0,3,10,8,9,2,0,0,0,0,0,0,0,0,0,0,0,0,0,0,0,0,0,0,0,0,0,0,0,0,0,0,0,0,0,0,0,0,0,0,0,0,0,0,0,0,0,0,0,0,0,0,0,0,0,0,0,0,0,0,0,0,0,0,0,0,0,0,0,0,0,0,0,0,0,0,0,0,0,0,0,5,8,9,5,0,0,0,0,0,0,0,0,0,0,0,0,0,0,0,0,0,0,0,0,0,0,0,0,0,0,0,0,0,0,0,0,0,0,0,0,0,0,0,0,0,0,0,0,0,0,0,0,0,0,0,0,0,0,0,0,5,5,0,0,0,0,0,0,0,0,0,0,0,0,0,0,0,0,0,0,0,0,0,0,0,8,10,9,7,0,0,4,9,9,9,0,0,0,0,0,0,0,0,0,0,0,0,0,0,0,0,0,0,0,0,0,0,0,0,0,0,0,0,0,0,0,0,0,0,0,0,0,0,0,0,0,0,0,0,0,0,0,0,0,0,0,0,0,0,0,0,0,0,0,0,4,8,0,0,0,0,0,0,0,0,0,0,0,0,0,0,0,0,0,0,0,0,0,0,0,0,0,0,0,0,0,0,0,0,0,0,33,121,0,0,0,0,0,0,6,10,8,0,0,239,179,0,0,0,0
Node: 43,ap,0,0,0,0,0,0,0,2,5,3,0,0,0,0,0,0,0,0,0,0,0,0,0,0,0,0,0,0,0,0,6,6,1,0,0,0,0,0,0,0,0,0,2,2,1,1,0,0,0,0,0,0,0,0,0,13,29,0,0,0,0,0,0,0,0,0,0,0,0,0,0,0,0,0,0,0,0,0,8,2,0,61,17,0,0,28,32,0,0,0,0,0,0,0,0,0,0,0,61,26,0,0,0,0,0,0,0,7,10,10,4,0,0,0,0,0,0,0,0,0,0,0,0,0,0,0,6,8,9,0,0,0,12,7,0,0,0,0,0,0,0,0,0,0,0,0,14,19,10,0,0,0,0,0,2,8,0,0,0,0,0,0,0,40,19,0,0,0,0,0,0,0,0,0,0,0,0,0,10,9,5,0,0,0,0,0,0,2,18,0,0,0,0,0,0,0,0,0,0,0,0,0,0,0,0,0,0,0,0,0,0,4,10,10,10,10,10,4,0,0,0,0,0,0,0,0,7,3,0,0,0,0,0,0,0,0,0,0,0,0,0,0,0,0,0,0,0,0,0,0,0,2,18,0,0,5,10,10,10,10,10,4,0,0,8,10,6,0,0,0,0,0,0,8,2,0,0,148,156,0,0,0,0,7,10,2,0,0,0,0,0,0,0,0,0,0,0,0,0,0,0,0,0,0,0,0,0,0,0,0,0,0,0,0,0,0,0,0,0,0,0,0,0,0,174,120,0,0,3,8,0,0,0,0,0,0,0,0,0,0,0,0,0,0,0,0,0,0,0,0,0,0,0,0,0,0,0,0,0,0,0,0,0,0,0,0,0,0,0,0,0,0,0,0,0,0,6,14,0,0,1,10,10,10,10,10,8,0,42,28,0,0,6,14,0,0,0,0,0,0,0,8,2,0,0,0,0,0,0,12,48,0,0,0,120,24,0,0,0,0,0,0,4,6,0,0,0,0,0,0,0,0,0,0,0,0,0,0,0,0,0,0,0,0,0,0,0,0,0,0,0,0,0,0,0,0,0,0,0,0,0,0,0,0,9,10,2,1,10,1,0,0,9,17,20,20,10,0,0,0,0,0,0,0,7,9,36,117,22,0,8,10,10,10,10,10,10,10,10,10,9,0,0,0,0,0,0,0,0,0,0,0,16,4,0,4,10,1,0,0,0,0,0,0,0,0,0,1,10,101,138,63,0,0,0,0,0,0,0,0,0,0,6,10,4,0,0,0,0,0,0,0,0,0,0,0,0,6,10,18,7,10,10,10,10,5,0,26,78,8,10,10,3,0,0,0,0,0,0,0,0,0,0,0,7,63,0,0,0,0,0,0,0,0,0,0,0,0,1
Node: 40,ap,0,0,0,0,0,0,2,0,0,0,0,7,3,2,1,0,0,0,6,8,6,5,8,6,0,0,0,0,0,0,0,0,0,0,0,0,0,0,0,0,0,0,0,0,0,15,17,19,12,13,0,0,0,0,0,0,0,0,0,0,0,0,0,0,0,0,0,0,0,0,0,0,0,0,0,0,0,0,0,0,0,0,0,0,0,0,0,0,0,0,0,0,0,0,0,0,4,10,10,9,10,10,9,9,10,17,10,7,0,0,0,0,0,0,0,0,0,0,0,0,0,0,0,0,0,0,0,0,0,0,0,0,0,0,0,0,0,0,0,0,0,0,0,1,10,10,10,4,0,0,0,0,0,0,0,0,0,0,0,0,0,0,0,0,0,0,0,0,0,0,0,0,0,0,9,8,0,0,0,0,0,0,0,0,0,0,0,0,0,0,0,0,0,0,0,0,0,0,0,0,0,0,0,0,0,0,0,0,0,0,4,10,10,10,9,9,5,0,0,0,8,7,0,0,0,0,0,0,0,0,0,0,0,0,0,0,0,0,0,0,0,0,0,0,0,0,0,0,0,0,0,0,0,0,0,0,0,0,0,0,0,0,0,0,9,10,14,20,14,10,4,0,0,0,0,0,0,10,10,0,0,0,0,0,0,7,10,5,0,0,0,0,0,0,0,0,0,0,0,4,10,10,9,0,0,0,0,0,0,0,0,0,0,0,0,0,0,0,0,0,0,0,0,0,0,0,0,0,0,0,0,6,9,2,0,0,0,0,0,0,0,0,0,0,0,0,0,0,0,0,0,0,0,0,6,10,10,10,5,0,0,0,0,0,0,2,10,10,10,10,3,0,0,0,0,0,0,0,0,0,0,0,0,0,0,0,0,5,10,10,2,0,0,0,0,0,0,0,0,0,0,0,7,6,0,0,0,0,0,0,0,0,0,0,0,0,0,0,0,0,0,0,0,0,0,0,0,0,0,0,0,0,0,0,0,0,0,0,0,0,0,0,0,0,0,0,3,10,10,5,0,0,0,0,0,0,0,0,0,0,0,0,0,0,0,0,5,7,0,7,10,7,10,10,1,0,3,10,10,3,0,0,0,0,0,0,0,0,7,6,0,0,0,0,0,0,0,0,0,0,0,0,0,0,0,0,0,0,0,0,0,0,0,6,10,6,0,0,0,0,0,0,0,0,0,0,0,0,0,0,0,0,0,0,0,0,0,0,0,0,0,0,0,7,16,20,13,10,10,8,0,0,0,0,0,4,10,3,0,0,0,0,0,0,0,0,0,10,10,10,10,10,6,0,0,0,0,0,0,0,0,0,0,0,0,0,0,0,0,0,0,0,0,0,0,0,0,0,0
Node: 41,ap,0,11,5,10,8,17,14,16,17,18,18,18,13,1,0,0,0,0,0,0,0,0,8,21,0,0,0,0,0,0,0,0,0,0,49,22,9,10,10,7,9,10,17,42,10,0,0,0,0,3,10,10,17,20,23,26,30,22,20,45,326,12,10,10,10,10,10,10,10,5,0,0,0,0,0,0,0,0,0,0,0,7,8,4,10,42,166,5,0,0,0,0,6,10,10,8,0,0,175,75,0,0,0,0,0,0,0,0,0,0,0,0,0,0,0,0,0,0,0,9,20,20,20,16,10,1,0,0,0,0,0,0,0,0,0,0,0,0,0,4,10,10,10,10,10,10,10,10,10,10,10,10,10,10,10,10,10,10,10,6,0,0,0,0,0,0,0,0,0,0,0,0,0,0,0,0,0,0,0,0,0,0,0,24,40,14,20,9,0,0,0,0,0,0,0,0,0,0,0,0,0,0,0,0,0,0,0,0,0,0,0,0,0,0,0,0,0,1,10,6,0,0,0,0,0,0,12,14,10,10,5,0,0,0,0,0,0,0,0,27,12,10,10,6,0,0,0,0,3,10,10,10,10,10,10,10,10,10,10,10,15,15,10,10,10,10,10,10,14,20,20,20,15,14,16,10,10,10,10,1,0,0,0,0,8,10,11,20,13,10,10,10,10,10,10,10,10,10,10,10,10,10,10,10,10,10,12,20,15,10,12,20,20,20,13,10,10,10,10,10,10,12,20,20,20,14,10,10,13,15,6,0,0,329,34,0,0,71,90,18,0,45,84,54,0,17,73,0,0,0,0,7,10,17,20,16,5,0,0,0,0,0,0,0,0,7,3,0,2,8,0,0,0,6,10,8,6,0,0,6,5,0,0,10,3,10,6,9,10,10,10,10,14,20,16,30,30,30,28,17,20,20,11,10,10,18,17,16,20,19,20,10,10,10,10,10,10,10,10,10,10,8,10,10,10,10,10,10,10,10,10,10,10,10,10,10,10,10,10,10,10,10,10,10,10,10,10,10,10,10,10,10,10,10,10,10,10,10,10,10,10,10,9,10,10,282,146,10,10,10,10,10,10,10,10,10,10,10,10,10,10,10,10,10,10,9,10,2,10,4,22,64,10,10,10,10,10,10,10,196,227,10,7,0,0,10,10,1,6,4,0,4,7,0,0,0,0,0,0,0,72,248,0,0,0,0,0,0,0,6,6,0,0,5,5,0,0,10,4,0,0,0,0,0,0,0,0,0,0,0,3,10,10,10,9,0,0,0,0,9,1,0,0,0,0,0,0,0,0,0,0,0,0,0,0,0,8,2,0,0,0,0,0,0,3,10,0,0,0,0,0,0,0,0,0,0,0,0,0
Node: 55,ap,0,0,0,0,0,0,0,0,0,0,0,0,0,0,0,0,0,0,0,0,0,0,0,0,0,0,0,0,0,0,0,0,0,0,0,0,0,0,0,0,0,0,0,0,0,0,0,0,0,0,0,0,0,0,0,0,0,0,0,0,0,2,2,4,3,0,0,0,0,0,0,0,0,0,3,3,1,3,8,10,5,10,9,10,9,10,3,0,0,0,0,0,7,9,10,10,9,8,8,10,10,9,10,10,9,12,20,8,0,0,0,0,0,0,0,0,0,0,0,0,0,0,0,0,0,0,0,0,0,0,0,0,0,0,0,0,8,10,10,10,9,0,7,9,14,10,10,6,0,0,0,0,0,0,0,0,0,0,0,0,5,10,225,115,10,10,10,10,2,0,0,0,0,0,0,0,0,0,0,0,0,0,0,0,0,0,0,0,0,0,0,0,0,0,0,0,0,0,0,0,0,0,0,0,0,0,0,0,0,0,0,0,0,0,0,0,10,10,14,20,19,10,7,0,0,0,0,0,0,0,0,0,0,0,0,0,0,0,0,0,0,0,0,0,10,2,0,0,0,0,0,0,0,0,0,0,0,0,0,0,1,10,15,17,8,0,0,0,0,0,0,6,10,10,10,10,10,10,4,0,5,10,10,0,0,0,0,0,0,0,0,0,0,0,0,0,0,0,0,0,0,0,0,0,0,0,0,0,0,0,0,0,0,0,0,0,9,10,7,0,0,0,0,7,10,10,10,6,0,10,10,10,10,7,0,0,0,0,0,0,0,0,0,0,0,0,0,0,0,0,0,0,0,0,0,0,7,10,10,10,10,10,10,3,0,0,0,0,0,0,0,0,0,0,0,0,0,0,0,0,0,3,10,10,1,8,10,10,10,10,3,0,0,0,0,0,0,0,0,0,0,0,0,0,0,0,0,0,0,0,0,0,0,0,0,0,0,0,0,0,10,10,6,14,0,0,0,0,0,0,0,0,0,0,0,0,0,0,0,0,0,0,0,0,0,0,0,0,0,0,0,0,0,0,0,0,0,0,0,0,0,3,9,0,10,10,10,10,10,7,0,0,0,0,0,0,0,0,0,0,0,4,10,10,10,10,10,4,0,0,0,0,0,0,0,0,0,0,0,0,0,0,0,0,0,0,0,0,0,0,0,0,0,0,0,0,0,0,0,0,0,0,0,0,0,0,0,0,0,0,0,0,0,0,0,0,0,0,0,0,0,0,0,0,0,0,0,0,0,0,0,0,0,0,0,0,0,0,0,0,0,0,0,0,0,6,10,10,10,10,2,0,0,0,0,0,0,0,0,0,0,0,0,0,0,0,0,0,0,0,0,0,8,10,4,0,0,0,0
Node: 53,ap,0,0,0,0,0,0,0,0,0,0,0,0,0,0,0,0,0,0,0,0,0,0,0,0,0,0,0,0,0,0,0,0,0,0,0,0,0,1,0,0,0,0,0,0,0,0,0,0,0,0,0,0,0,0,0,5,1,4,8,1,0,0,0,0,0,0,0,0,0,0,0,0,0,0,0,0,0,0,0,0,0,0,0,6,2,0,0,0,0,0,0,0,0,0,0,0,0,0,0,0,0,0,0,0,0,0,0,0,0,0,0,0,0,0,0,0,0,0,0,0,4,9,0,0,0,0,0,0,0,0,0,0,0,0,0,0,0,0,0,0,0,0,0,0,0,0,0,0,0,0,0,0,0,0,0,0,0,0,0,0,0,0,0,0,0,0,0,0,0,0,0,0,0,0,0,0,0,0,0,0,0,0,0,0,0,0,0,0,0,0,0,0,0,0,0,0,0,0,0,0,0,0,0,0,0,0,0,0,0,0,0,0,0,0,0,0,0,0,0,0,0,0,0,0,6,6,4,0,0,0,0,0,0,0,0,0,0,0,0,0,0,0,0,0,0,0,0,0,0,0,0,0,0,0,0,0,0,0,0,0,0,0,0,0,0,0,0,4,8,8,8,8,10,9,9,8,9,10,14,12,10,9,10,10,10,0,0,0,0,0,0,0,0,0,0,0,0,0,0,0,0,0,0,0,0,0,0,0,0,0,0,0,0,0,0,0,0,0,0,0,0,0,10,10,10,8,2,0,0,0,0,0,0,0,0,0,0,0,0,0,0,0,0,0,0,0,0,0,0,0,0,0,0,0,0,0,0,0,0,0,0,0,0,0,0,0,0,0,0,0,0,0,0,0,0,0,0,0,0,0,0,0,0,0,0,0,0,0,4,5,0,0,2,3,0,0,0,0,0,0,0,0,0,0,0,0,0,0,0,0,0,0,0,0,0,0,0,0,0,0,0,0,0,0,0,0,0,0,0,0,0,0,0,0,1,10,10,2,0,0,0,0,0,0,0,0,0,0,0,0,0,0,0,0,0,0,0,0,0,0,0,0,0,0,0,0,0,0,0,0,0,0,0,0,4,0,0,0,1,10,10,9,5,0,0,0,0,157,6,0,0,0,0,0,0,0,0,0,0,0,0,0,0,0,0,0,0,0,0,0,0,0,6,3,0,0,0,0,0,0,0,0,0,0,0,0,0,0,0,63,155,1,0,0,0,0,0,0,0,0,0,0,0,0,0,0,0,0,0,0,0,0,0,0,0,0,0,0,0,0,0,0,0,0,0,0,0,12,40,0,0,0,0,0,0,0,0,0,9,9,0,0,0,0,0,8,1,0,0,0,0,0,0,0,0,0,0,0,0
Node: 54,ap,0,0,0,0,0,0,0,0,0,0,0,0,0,0,0,0,0,0,0,0,0,0,0,0,0,0,1,1,0,5,10,2,6,10,9,9,9,10,6,7,8,8,9,10,9,4,0,0,0,0,0,0,0,0,0,0,0,0,0,0,0,0,0,0,0,0,0,0,0,0,0,0,0,0,0,0,0,0,0,0,0,0,0,0,0,0,0,0,0,0,0,0,0,0,0,0,0,0,0,0,0,0,0,0,0,0,0,0,0,0,0,0,0,0,0,0,0,0,0,0,0,0,0,0,0,0,0,0,0,0,0,0,0,0,0,0,0,0,0,0,6,10,10,10,9,1,0,0,0,0,0,0,0,0,0,0,0,0,0,0,7,10,0,0,0,2,10,10,0,0,0,0,0,0,0,0,0,0,0,0,0,9,9,10,9,0,0,0,0,0,0,0,0,0,0,0,0,0,0,0,0,0,0,0,0,0,0,0,0,0,0,0,0,0,0,0,0,0,0,0,0,0,0,0,0,0,0,0,0,0,0,0,0,15,19,16,0,0,0,0,0,0,0,0,0,0,0,0,0,0,0,0,0,0,0,0,0,0,0,0,0,0,0,0,0,0,0,0,0,0,0,4,18,20,20,12,7,0,0,0,0,0,0,0,0,0,0,0,0,0,0,0,0,0,0,0,0,0,0,3,10,3,0,0,0,8,9,10,10,10,10,3,0,0,0,0,0,0,0,0,0,0,0,0,0,0,0,0,3,10,10,10,10,10,10,10,10,118,70,10,10,76,122,14,20,20,40,13,3,0,0,0,0,0,0,0,0,0,0,0,0,0,0,0,0,0,0,0,0,0,0,0,0,10,10,10,10,10,2,0,0,0,0,0,0,0,0,0,0,0,0,0,0,0,0,0,0,0,0,0,0,0,0,0,0,0,0,0,0,0,0,0,0,9,2,8,10,10,10,10,1,0,0,0,0,0,0,0,0,1,10,10,10,10,10,1,0,0,0,0,0,9,10,16,13,10,10,0,0,0,0,0,0,0,0,0,0,0,0,0,0,3,9,0,8,10,10,10,10,11,10,10,10,10,10,10,10,10,10,10,10,10,10,10,10,10,10,9,1,10,10,10,10,10,10,10,10,10,10,10,10,10,7,0,0,0,0,0,0,0,0,0,0,0,0,0,0,0,1,10,10,10,8,0,0,0,0,0,0,0,0,0,0,0,0,0,0,0,0,0,0,0,0,0,0,0,0,0,0,0,0,0,0,0,0,0,0,0,0,0,0,0,0,0,0,0,0,0,0,0,0,3,10,6,0,0,0,0,0,0,0,0,0,0,0,0,0,0,0,0,0,10,10,10,10,10,10,3,0
Node: 52,ap,0,0,0,0,0,0,0,0,0,0,0,0,0,0,0,0,0,0,0,0,0,0,0,0,0,0,0,0,0,0,0,0,0,0,0,0,0,0,0,0,0,0,0,0,0,0,0,0,0,0,0,0,0,0,0,2,6,0,0,0,0,0,0,0,0,0,0,0,4,5,0,0,0,0,0,0,0,0,0,0,0,0,0,0,0,0,0,0,0,0,0,0,0,0,0,0,0,0,0,0,0,0,0,0,0,0,0,0,0,0,0,0,0,0,0,0,0,0,0,0,0,0,0,0,0,0,0,0,0,0,0,0,0,0,0,0,0,0,0,0,0,0,0,0,0,0,0,0,0,0,0,0,0,0,0,0,0,0,0,0,0,0,0,1,0,2,0,0,0,0,0,0,0,0,0,0,0,0,0,0,0,0,0,0,0,7,4,4,9,2,0,0,0,0,0,0,0,0,0,0,0,0,0,0,0,0,0,0,0,0,0,0,0,0,0,0,0,0,0,0,0,0,0,0,0,0,0,0,0,0,0,0,0,0,0,4,13,0,0,0,0,1,7,8,2,0,0,0,0,0,0,0,250,0,0,0,0,0,0,0,5,10,10,9,10,10,10,10,10,10,3,0,0,0,0,0,0,0,0,0,4,10,10,10,5,0,0,0,0,0,0,0,0,0,0,0,0,0,0,0,0,7,10,10,10,0,0,0,0,0,0,0,0,0,0,0,0,0,0,0,0,0,0,0,0,0,0,0,0,0,0,0,0,0,0,0,0,0,0,0,0,0,0,0,0,0,0,0,0,4,10,10,10,10,10,10,10,5,0,0,0,0,0,0,0,0,0,0,0,0,0,0,0,0,0,0,0,0,0,0,0,0,0,0,0,0,0,0,0,0,0,0,0,0,0,0,0,0,0,0,0,0,0,0,0,0,0,0,0,0,0,0,0,0,10,1,0,0,0,0,0,0,0,0,0,0,0,0,0,0,0,0,0,0,0,0,0,0,0,0,0,0,0,0,7,10,10,10,2,0,0,0,0,0,0,0,0,0,8,15,20,17,10,9,0,0,0,0,0,0,0,0,0,0,0,0,0,0,0,0,0,0,0,5,10,10,13,20,10,0,0,0,0,0,0,0,0,8,10,10,12,20,20,20,20,12,0,1,10,10,8,0,0,0,0,0,0,0,0,0,0,0,0,9,10,10,10,10,0,14,20,10,0,0,0,0,0,0,0,0,0,0,0,0,0,0,0,0,0,0,0,0,0,0,0,0,0,0,0,0,0,0,0,0,0,0,0,0,20,2,10,7,0,0,0,0,16,4,0,0,0,0,4,10,15,37,10,10,10,10,10,10,10,18,9,0,0,0,0
Node: 57,ap,0,0,0,0,0,0,0,0,0,0,0,0,0,0,0,0,0,0,0,0,0,0,0,0,0,0,0,0,0,0,0,0,0,0,0,0,0,0,0,0,0,0,0,0,0,0,0,0,0,0,0,0,0,0,0,0,0,0,0,0,0,0,0,0,0,0,0,0,0,0,0,0,0,0,0,0,0,0,0,0,0,0,0,0,0,0,0,0,2,3,4,1,0,0,0,0,0,0,0,0,0,0,0,0,0,0,0,0,0,0,0,0,0,0,0,0,0,0,0,0,0,4,6,4,2,0,0,0,0,0,0,0,0,0,0,0,0,0,0,0,0,0,0,0,0,0,0,0,0,0,0,0,3,6,6,0,0,0,5,3,0,0,0,0,0,0,0,0,0,0,0,0,0,0,0,0,0,0,0,0,0,0,0,0,0,0,0,0,0,0,0,0,0,0,0,0,0,0,0,0,0,0,0,0,0,0,0,0,0,0,0,0,0,0,0,0,0,0,0,0,0,0,0,0,0,0,0,0,0,0,0,0,0,0,35,200,0,0,0,0,0,0,0,0,0,0,0,0,0,0,0,0,0,0,0,0,0,0,0,0,0,8,4,0,0,0,0,0,0,0,0,0,0,0,0,0,0,0,7,10,5,0,0,0,0,0,0,0,0,0,0,0,0,0,0,0,0,0,0,0,0,0,0,0,0,0,0,0,0,0,0,0,0,0,0,0,0,0,0,0,0,0,0,0,0,0,0,3,10,0,0,0,0,0,0,0,0,0,0,0,0,0,0,0,0,0,0,0,0,0,0,0,0,0,0,0,0,0,0,0,0,0,0,0,0,0,0,0,0,0,0,0,0,0,0,0,0,0,0,0,0,0,0,0,0,0,0,0,0,0,6,10,8,10,10,9,5,0,0,0,0,0,0,0,0,0,0,0,0,0,8,10,10,9,2,0,0,0,0,0,0,0,0,0,0,0,0,0,0,0,0,0,0,0,0,0,0,0,0,0,0,0,0,0,0,0,0,0,0,0,0,0,0,0,0,0,0,0,0,0,0,0,0,0,0,0,0,0,0,0,0,0,0,0,0,0,0,0,0,0,0,0,0,0,0,0,12,24,0,0,0,0,0,0,0,0,0,0,0,0,0,0,0,119,189,0,0,0,0,0,0,0,0,0,0,0,0,0,0,0,0,0,0,0,0,0,0,0,0,0,0,0,0,0,0,0,0,0,0,0,0,0,0,0,0,0,0,0,0,0,0,0,0,0,0,0,0,0,0,0,0,0,7,9,10,4,0,0,0,0,0,0,0,0,0,0,0,0,2,10,6,0,0,0,6,24,0,0,0,0,0,0,0,0,0,0,0,0,0
Node: 50,ap,0,0,0,0,1,1,0,0,0,0,0,0,0,14,0,0,0,0,1,6,0,0,0,0,0,0,0,0,0,0,6,0,0,0,0,3,10,3,0,0,0,0,0,0,0,0,0,1,2,4,5,6,7,4,0,0,0,0,0,0,0,0,0,0,0,0,0,0,6,4,0,0,0,0,0,0,0,0,16,6,0,14,16,0,0,10,10,0,0,0,0,0,0,0,311,35,0,0,0,0,0,0,0,0,0,0,0,0,0,0,0,0,0,0,0,0,0,0,0,0,0,0,0,0,0,0,0,0,0,0,0,0,0,0,0,0,0,0,0,0,0,0,0,0,0,0,0,5,10,10,10,10,10,8,2,8,0,0,0,0,0,0,2,29,9,0,0,0,0,0,0,0,0,0,0,0,0,0,0,0,0,0,0,0,0,0,0,0,0,0,0,0,0,0,0,0,0,0,0,0,0,0,0,0,0,6,10,10,10,8,0,0,0,0,0,0,0,15,186,0,0,0,2,10,10,10,10,12,20,15,20,17,10,10,10,10,10,18,11,6,0,0,0,0,0,0,0,7,18,22,10,10,27,5,10,10,10,10,10,10,16,14,8,0,99,241,0,0,0,0,0,0,0,8,2,0,0,0,0,0,0,0,0,0,0,0,0,0,0,0,0,0,0,0,0,0,0,0,0,7,10,10,8,315,36,0,0,0,0,0,0,12,18,0,0,0,0,0,0,0,0,0,0,0,0,0,0,0,6,16,5,10,10,10,5,0,0,0,0,0,0,0,0,0,0,0,0,0,0,0,0,0,0,0,0,0,0,0,0,0,0,0,0,0,0,0,0,0,0,0,0,0,0,0,0,0,3,7,0,0,0,0,0,0,0,0,0,0,0,0,0,0,0,0,0,0,0,0,0,0,0,8,2,0,0,0,0,0,10,20,20,19,10,10,10,10,10,10,10,10,10,10,10,10,10,10,4,10,0,0,0,0,0,0,0,0,7,10,18,20,10,9,0,0,0,0,0,0,268,68,0,0,0,0,0,0,0,0,0,0,0,0,0,0,0,0,0,0,0,0,0,0,5,10,10,2,0,0,0,0,0,0,0,0,0,0,0,0,0,0,0,0,0,0,0,0,0,0,7,10,7,0,0,0,0,0,0,0,0,1,10,10,26,14,10,10,10,10,10,10,10,10,10,10,3,0,0,0,0,4,6,0,0,17,22,10,10,10,3,0,0,0,0,0,0,0,0,0,0,3,10,10,10,10,10,10,10,10,10,18,12,5,0,0,0,0,0,4,6,17,20,28,30,30,27,27,30,26,11,10,34,70,40,10,12,18,10,10,10,10,10,10,10,10,16,14,10,14,20
